,X,column_names,site_pos,core_pos,depth_pos,depth_m,Label,Def1,season,year,site,depth,core,mag.vec,duration
162,162,BARR_501_001,BARR,1,501,-0.02,Keep,2,activelayer,2,BARR,501,1,0.1,24
163,163,BARR_501_002,BARR,2,501,-0.02,Keep,2,activelayer,2,BARR,501,2,0.1,24
164,164,BARR_501_003,BARR,3,501,-0.01,Keep,1,activelayer,2,BARR,501,3,0.1,24
165,165,BARR_501_004,BARR,4,501,-0.02,Exclude,NA,activelayer,2,BARR,501,4,0.1,24
166,166,BARR_501_005,BARR,5,501,-0.02,Keep,5,activelayer,2,BARR,501,5,0.1,24
167,167,BARR_502_001,BARR,1,502,-0.06,Keep,3,activelayer,2,BARR,502,1,0.1,24
168,168,BARR_502_002,BARR,2,502,-0.06,Keep,2,activelayer,2,BARR,502,2,0.1,24
169,169,BARR_502_003,BARR,3,502,-0.05,Keep,3,activelayer,2,BARR,502,3,0.1,24
170,170,BARR_502_004,BARR,4,502,-0.06,Keep,2,activelayer,2,BARR,502,4,0.1,24
171,171,BARR_502_005,BARR,5,502,-0.06,Keep,4,activelayer,2,BARR,502,5,0.1,24
172,172,BARR_503_001,BARR,1,503,-0.16,Exclude,NA,activelayer,2,BARR,503,1,0.1,24
173,173,BARR_503_002,BARR,2,503,-0.16,Exclude,NA,activelayer,2,BARR,503,2,0.1,24
174,174,BARR_503_003,BARR,3,503,-0.15,Keep,0,activelayer,2,BARR,503,3,0.1,24
175,175,BARR_503_004,BARR,4,503,-0.16,Keep,0,activelayer,2,BARR,503,4,0.1,24
176,176,BARR_503_005,BARR,5,503,-0.16,Keep,2,activelayer,2,BARR,503,5,0.1,24
177,177,BARR_504_001,BARR,1,504,-0.26,Keep,0,activelayer,2,BARR,504,1,0.1,24
178,178,BARR_504_002,BARR,2,504,-0.26,Exclude,NA,activelayer,2,BARR,504,2,0.1,24
179,179,BARR_504_003,BARR,3,504,-0.25,Keep,0,activelayer,2,BARR,504,3,0.1,24
180,180,BARR_504_004,BARR,4,504,-0.26,Keep,0,activelayer,2,BARR,504,4,0.1,24
181,181,BARR_504_005,BARR,5,504,-0.26,Keep,0,activelayer,2,BARR,504,5,0.1,24
182,182,BARR_505_001,BARR,1,505,-0.36,Keep,0,activelayer,2,BARR,505,1,0.1,24
183,183,BARR_505_002,BARR,2,505,-0.36,Exclude,NA,activelayer,2,BARR,505,2,0.1,24
184,184,BARR_505_003,BARR,3,505,-0.35,Keep,0,activelayer,2,BARR,505,3,0.1,24
185,185,BARR_505_004,BARR,4,505,-0.36,Keep,0,activelayer,2,BARR,505,4,0.1,24
186,186,BARR_505_005,BARR,5,505,-0.36,Keep,0,activelayer,2,BARR,505,5,0.1,24
187,187,BARR_506_001,BARR,1,506,-0.56,Keep,0,activelayer,2,BARR,506,1,0.1,24
188,188,BARR_506_002,BARR,2,506,-0.56,Keep,0,activelayer,2,BARR,506,2,0.1,24
189,189,BARR_506_003,BARR,3,506,-0.55,Keep,0,activelayer,2,BARR,506,3,0.1,24
190,190,BARR_506_004,BARR,4,506,-0.56,Keep,0,activelayer,2,BARR,506,4,0.1,24
191,191,BARR_506_005,BARR,5,506,-0.56,Exclude,NA,activelayer,2,BARR,506,5,0.1,24
192,192,BARR_507_001,BARR,1,507,-0.86,Keep,0,activelayer,2,BARR,507,1,0.1,24
193,193,BARR_507_002,BARR,2,507,-0.86,Keep,0,activelayer,2,BARR,507,2,0.1,24
194,194,BARR_507_003,BARR,3,507,-0.85,Keep,0,activelayer,2,BARR,507,3,0.1,24
195,195,BARR_507_004,BARR,4,507,-0.86,Keep,0,activelayer,2,BARR,507,4,0.1,24
196,196,BARR_507_005,BARR,5,507,-0.86,Keep,0,activelayer,2,BARR,507,5,0.1,24
197,197,BARR_508_001,BARR,1,508,-1.36,Keep,0,activelayer,2,BARR,508,1,0.1,24
198,198,BARR_508_002,BARR,2,508,-1.36,Keep,0,activelayer,2,BARR,508,2,0.1,24
199,199,BARR_508_003,BARR,3,508,-1.35,Keep,0,activelayer,2,BARR,508,3,0.1,24
200,200,BARR_508_004,BARR,4,508,-1.36,Keep,0,activelayer,2,BARR,508,4,0.1,24
201,201,BARR_508_005,BARR,5,508,-1.36,Keep,0,activelayer,2,BARR,508,5,0.1,24
202,202,BARR_509_001,BARR,1,509,-1.76,Keep,0,activelayer,2,BARR,509,1,0.1,24
203,203,BARR_509_002,BARR,2,509,-2.26,Keep,0,activelayer,2,BARR,509,2,0.1,24
204,204,BARR_509_003,BARR,3,509,-1.75,Keep,0,activelayer,2,BARR,509,3,0.1,24
205,205,BARR_509_004,BARR,4,509,-1.96,Keep,0,activelayer,2,BARR,509,4,0.1,24
206,206,BARR_509_005,BARR,5,509,-1.86,Keep,0,activelayer,2,BARR,509,5,0.1,24
207,207,BONA_501_001,BONA,1,501,-0.02,Keep,6,activelayer,2,BONA,501,1,0.1,24
208,208,BONA_501_002,BONA,2,501,-0.01,Keep,5,activelayer,2,BONA,501,2,0.1,24
209,209,BONA_501_003,BONA,3,501,-0.02,Keep,6,activelayer,2,BONA,501,3,0.1,24
210,210,BONA_501_004,BONA,4,501,-0.02,Keep,4,activelayer,2,BONA,501,4,0.1,24
211,211,BONA_501_005,BONA,5,501,-0.03,Keep,4,activelayer,2,BONA,501,5,0.1,24
212,212,BONA_502_001,BONA,1,502,-0.06,Keep,6,activelayer,2,BONA,502,1,0.1,24
213,213,BONA_502_002,BONA,2,502,-0.05,Keep,4,activelayer,2,BONA,502,2,0.1,24
214,214,BONA_502_003,BONA,3,502,-0.06,Keep,4,activelayer,2,BONA,502,3,0.1,24
215,215,BONA_502_004,BONA,4,502,-0.06,Keep,4,activelayer,2,BONA,502,4,0.1,24
216,216,BONA_502_005,BONA,5,502,-0.07,Keep,4,activelayer,2,BONA,502,5,0.1,24
217,217,BONA_503_001,BONA,1,503,-0.16,Keep,4,activelayer,2,BONA,503,1,0.1,24
218,218,BONA_503_002,BONA,2,503,-0.15,Keep,3,activelayer,2,BONA,503,2,0.1,24
219,219,BONA_503_003,BONA,3,503,-0.16,Keep,4,activelayer,2,BONA,503,3,0.1,24
220,220,BONA_503_004,BONA,4,503,-0.16,Keep,2,activelayer,2,BONA,503,4,0.1,24
221,221,BONA_503_005,BONA,5,503,-0.17,Keep,3,activelayer,2,BONA,503,5,0.1,24
222,222,BONA_504_001,BONA,1,504,-0.26,Keep,2,activelayer,2,BONA,504,1,0.1,24
223,223,BONA_504_002,BONA,2,504,-0.25,Keep,3,activelayer,2,BONA,504,2,0.1,24
224,224,BONA_504_003,BONA,3,504,-0.26,Keep,4,activelayer,2,BONA,504,3,0.1,24
225,225,BONA_504_004,BONA,4,504,-0.26,Keep,3,activelayer,2,BONA,504,4,0.1,24
226,226,BONA_504_005,BONA,5,504,-0.27,Exclude,NA,activelayer,2,BONA,504,5,0.1,24
227,227,BONA_505_001,BONA,1,505,-0.46,Keep,0,activelayer,2,BONA,505,1,0.1,24
228,228,BONA_505_002,BONA,2,505,-0.45,Keep,0,activelayer,2,BONA,505,2,0.1,24
229,229,BONA_505_003,BONA,3,505,-0.46,Keep,0,activelayer,2,BONA,505,3,0.1,24
230,230,BONA_505_004,BONA,4,505,-0.46,Keep,0,activelayer,2,BONA,505,4,0.1,24
231,231,BONA_505_005,BONA,5,505,-0.47,Keep,0,activelayer,2,BONA,505,5,0.1,24
232,232,BONA_506_001,BONA,1,506,-0.76,Keep,0,activelayer,2,BONA,506,1,0.1,24
233,233,BONA_506_002,BONA,2,506,-0.75,Keep,0,activelayer,2,BONA,506,2,0.1,24
234,234,BONA_506_003,BONA,3,506,-0.76,Keep,0,activelayer,2,BONA,506,3,0.1,24
235,235,BONA_506_004,BONA,4,506,-0.76,Keep,0,activelayer,2,BONA,506,4,0.1,24
236,236,BONA_506_005,BONA,5,506,-0.77,Keep,0,activelayer,2,BONA,506,5,0.1,24
237,237,BONA_507_001,BONA,1,507,-1.06,Keep,0,activelayer,2,BONA,507,1,0.1,24
238,238,BONA_507_002,BONA,2,507,-1.05,Keep,0,activelayer,2,BONA,507,2,0.1,24
239,239,BONA_507_003,BONA,3,507,-1.06,Keep,0,activelayer,2,BONA,507,3,0.1,24
240,240,BONA_507_004,BONA,4,507,-1.06,Keep,0,activelayer,2,BONA,507,4,0.1,24
241,241,BONA_507_005,BONA,5,507,-1.07,Keep,0,activelayer,2,BONA,507,5,0.1,24
242,242,BONA_508_001,BONA,1,508,-1.56,Keep,0,activelayer,2,BONA,508,1,0.1,24
243,243,BONA_508_002,BONA,2,508,-1.55,Keep,0,activelayer,2,BONA,508,2,0.1,24
244,244,BONA_508_003,BONA,3,508,-1.56,Keep,0,activelayer,2,BONA,508,3,0.1,24
245,245,BONA_508_004,BONA,4,508,-1.56,Keep,0,activelayer,2,BONA,508,4,0.1,24
246,246,BONA_508_005,BONA,5,508,-1.57,Keep,0,activelayer,2,BONA,508,5,0.1,24
247,247,BONA_509_001,BONA,1,509,-1.86,Keep,0,activelayer,2,BONA,509,1,0.1,24
248,248,BONA_509_002,BONA,2,509,-1.85,Keep,0,activelayer,2,BONA,509,2,0.1,24
249,249,BONA_509_003,BONA,3,509,-1.86,Keep,0,activelayer,2,BONA,509,3,0.1,24
250,250,BONA_509_004,BONA,4,509,-1.96,Keep,0,activelayer,2,BONA,509,4,0.1,24
251,251,BONA_509_005,BONA,5,509,-2.07,Keep,0,activelayer,2,BONA,509,5,0.1,24
252,252,HEAL_501_001,HEAL,1,501,-0.03,Keep,6,activelayer,2,HEAL,501,1,0.1,24
253,253,HEAL_501_002,HEAL,2,501,-0.02,Keep,5,activelayer,2,HEAL,501,2,0.1,24
254,254,HEAL_501_003,HEAL,3,501,-0.02,Exclude,NA,activelayer,2,HEAL,501,3,0.1,24
255,255,HEAL_501_004,HEAL,4,501,-0.02,Keep,5,activelayer,2,HEAL,501,4,0.1,24
256,256,HEAL_501_005,HEAL,5,501,-0.02,Keep,6,activelayer,2,HEAL,501,5,0.1,24
257,257,HEAL_502_001,HEAL,1,502,-0.07,Keep,6,activelayer,2,HEAL,502,1,0.1,24
258,258,HEAL_502_002,HEAL,2,502,-0.06,Keep,5,activelayer,2,HEAL,502,2,0.1,24
259,259,HEAL_502_003,HEAL,3,502,-0.06,Keep,6,activelayer,2,HEAL,502,3,0.1,24
260,260,HEAL_502_004,HEAL,4,502,-0.06,Keep,5,activelayer,2,HEAL,502,4,0.1,24
261,261,HEAL_502_005,HEAL,5,502,-0.06,Keep,6,activelayer,2,HEAL,502,5,0.1,24
262,262,HEAL_503_001,HEAL,1,503,-0.17,Keep,6,activelayer,2,HEAL,503,1,0.1,24
263,263,HEAL_503_002,HEAL,2,503,-0.16,Keep,5,activelayer,2,HEAL,503,2,0.1,24
264,264,HEAL_503_003,HEAL,3,503,-0.16,Keep,6,activelayer,2,HEAL,503,3,0.1,24
265,265,HEAL_503_004,HEAL,4,503,-0.16,Keep,5,activelayer,2,HEAL,503,4,0.1,24
266,266,HEAL_503_005,HEAL,5,503,-0.16,Keep,4,activelayer,2,HEAL,503,5,0.1,24
267,267,HEAL_504_001,HEAL,1,504,-0.27,Keep,5,activelayer,2,HEAL,504,1,0.1,24
268,268,HEAL_504_002,HEAL,2,504,-0.26,Keep,4,activelayer,2,HEAL,504,2,0.1,24
269,269,HEAL_504_003,HEAL,3,504,-0.26,Keep,4,activelayer,2,HEAL,504,3,0.1,24
270,270,HEAL_504_004,HEAL,4,504,-0.26,Keep,5,activelayer,2,HEAL,504,4,0.1,24
271,271,HEAL_504_005,HEAL,5,504,-0.26,Keep,6,activelayer,2,HEAL,504,5,0.1,24
272,272,HEAL_505_001,HEAL,1,505,-0.37,Keep,5,activelayer,2,HEAL,505,1,0.1,24
273,273,HEAL_505_002,HEAL,2,505,-0.36,Exclude,NA,activelayer,2,HEAL,505,2,0.1,24
274,274,HEAL_505_003,HEAL,3,505,-0.36,Keep,3,activelayer,2,HEAL,505,3,0.1,24
275,275,HEAL_505_004,HEAL,4,505,-0.36,Keep,5,activelayer,2,HEAL,505,4,0.1,24
276,276,HEAL_505_005,HEAL,5,505,-0.36,Keep,5,activelayer,2,HEAL,505,5,0.1,24
277,277,HEAL_506_001,HEAL,1,506,-0.47,Keep,0,activelayer,2,HEAL,506,1,0.1,24
278,278,HEAL_506_002,HEAL,2,506,-0.46,Keep,0,activelayer,2,HEAL,506,2,0.1,24
279,279,HEAL_506_003,HEAL,3,506,-0.46,Keep,0,activelayer,2,HEAL,506,3,0.1,24
280,280,HEAL_506_004,HEAL,4,506,-0.46,Exclude,NA,activelayer,2,HEAL,506,4,0.1,24
281,281,HEAL_506_005,HEAL,5,506,-0.46,Keep,0,activelayer,2,HEAL,506,5,0.1,24
282,282,HEAL_507_001,HEAL,1,507,-0.67,Exclude,NA,activelayer,2,HEAL,507,1,0.1,24
283,283,HEAL_507_002,HEAL,2,507,-0.66,Keep,0,activelayer,2,HEAL,507,2,0.1,24
284,284,HEAL_507_003,HEAL,3,507,-0.66,Keep,0,activelayer,2,HEAL,507,3,0.1,24
285,285,HEAL_507_004,HEAL,4,507,-0.66,Keep,0,activelayer,2,HEAL,507,4,0.1,24
286,286,HEAL_507_005,HEAL,5,507,-0.66,Keep,0,activelayer,2,HEAL,507,5,0.1,24
287,287,HEAL_508_001,HEAL,1,508,-0.97,Exclude,NA,activelayer,2,HEAL,508,1,0.1,24
288,288,HEAL_508_002,HEAL,2,508,-0.96,Keep,0,activelayer,2,HEAL,508,2,0.1,24
289,289,HEAL_508_003,HEAL,3,508,-0.96,Keep,0,activelayer,2,HEAL,508,3,0.1,24
290,290,HEAL_508_004,HEAL,4,508,-0.96,Keep,0,activelayer,2,HEAL,508,4,0.1,24
291,291,HEAL_508_005,HEAL,5,508,-0.96,Keep,0,activelayer,2,HEAL,508,5,0.1,24
292,292,HEAL_509_001,HEAL,1,509,-1.57,Keep,0,activelayer,2,HEAL,509,1,0.1,24
293,293,HEAL_509_002,HEAL,2,509,-1.36,Keep,0,activelayer,2,HEAL,509,2,0.1,24
294,294,HEAL_509_003,HEAL,3,509,-1.26,Keep,0,activelayer,2,HEAL,509,3,0.1,24
295,295,HEAL_509_004,HEAL,4,509,-1.66,Keep,0,activelayer,2,HEAL,509,4,0.1,24
296,296,HEAL_509_005,HEAL,5,509,-1.26,Keep,0,activelayer,2,HEAL,509,5,0.1,24
297,297,TOOL_501_001,TOOL,1,501,-0.02,Keep,1,activelayer,2,TOOL,501,1,0.1,24
298,298,TOOL_501_002,TOOL,2,501,-0.02,Keep,3,activelayer,2,TOOL,501,2,0.1,24
299,299,TOOL_501_003,TOOL,3,501,-0.02,Keep,4,activelayer,2,TOOL,501,3,0.1,24
300,300,TOOL_501_004,TOOL,4,501,-0.02,Keep,4,activelayer,2,TOOL,501,4,0.1,24
301,301,TOOL_501_005,TOOL,5,501,-0.02,Keep,2,activelayer,2,TOOL,501,5,0.1,24
302,302,TOOL_502_001,TOOL,1,502,-0.06,Keep,0,activelayer,2,TOOL,502,1,0.1,24
303,303,TOOL_502_002,TOOL,2,502,-0.06,Keep,2,activelayer,2,TOOL,502,2,0.1,24
304,304,TOOL_502_003,TOOL,3,502,-0.06,Keep,4,activelayer,2,TOOL,502,3,0.1,24
305,305,TOOL_502_004,TOOL,4,502,-0.06,Keep,0,activelayer,2,TOOL,502,4,0.1,24
306,306,TOOL_502_005,TOOL,5,502,-0.06,Keep,0,activelayer,2,TOOL,502,5,0.1,24
307,307,TOOL_503_001,TOOL,1,503,-0.16,Keep,0,activelayer,2,TOOL,503,1,0.1,24
308,308,TOOL_503_002,TOOL,2,503,-0.16,Keep,0,activelayer,2,TOOL,503,2,0.1,24
309,309,TOOL_503_003,TOOL,3,503,-0.16,Keep,0,activelayer,2,TOOL,503,3,0.1,24
310,310,TOOL_503_004,TOOL,4,503,-0.16,Keep,0,activelayer,2,TOOL,503,4,0.1,24
311,311,TOOL_504_002,TOOL,2,504,-0.26,Keep,0,activelayer,2,TOOL,504,2,0.1,24
312,312,TOOL_504_003,TOOL,3,504,-0.26,Exclude,NA,activelayer,2,TOOL,504,3,0.1,24
313,313,TOOL_504_004,TOOL,4,504,-0.26,Keep,0,activelayer,2,TOOL,504,4,0.1,24
314,314,TOOL_505_002,TOOL,2,505,-0.36,Keep,0,activelayer,2,TOOL,505,2,0.1,24
315,315,TOOL_505_003,TOOL,3,505,-0.36,Keep,0,activelayer,2,TOOL,505,3,0.1,24
316,316,TOOL_505_004,TOOL,4,505,-0.36,Keep,0,activelayer,2,TOOL,505,4,0.1,24
317,317,TOOL_506_002,TOOL,2,506,-0.46,Keep,0,activelayer,2,TOOL,506,2,0.1,24
318,318,TOOL_506_003,TOOL,3,506,-0.46,Keep,0,activelayer,2,TOOL,506,3,0.1,24
319,319,TOOL_506_004,TOOL,4,506,-0.46,Keep,0,activelayer,2,TOOL,506,4,0.1,24
320,320,TOOL_507_002,TOOL,2,507,-0.56,Keep,0,activelayer,2,TOOL,507,2,0.1,24
321,321,TOOL_507_003,TOOL,3,507,-0.56,Keep,0,activelayer,2,TOOL,507,3,0.1,24
322,322,TOOL_507_004,TOOL,4,507,-0.56,Keep,0,activelayer,2,TOOL,507,4,0.1,24
1772,1772,BARR_501_001,BARR,1,501,-0.02,Keep,8,activelayer,2,BARR,501,1,0.1,1
1773,1773,BARR_501_002,BARR,2,501,-0.02,Keep,11,activelayer,2,BARR,501,2,0.1,1
1774,1774,BARR_501_003,BARR,3,501,-0.01,Keep,2,activelayer,2,BARR,501,3,0.1,1
1775,1775,BARR_501_004,BARR,4,501,-0.02,Exclude,NA,activelayer,2,BARR,501,4,0.1,1
1776,1776,BARR_501_005,BARR,5,501,-0.02,Keep,20,activelayer,2,BARR,501,5,0.1,1
1777,1777,BARR_502_001,BARR,1,502,-0.06,Keep,6,activelayer,2,BARR,502,1,0.1,1
1778,1778,BARR_502_002,BARR,2,502,-0.06,Keep,10,activelayer,2,BARR,502,2,0.1,1
1779,1779,BARR_502_003,BARR,3,502,-0.05,Keep,7,activelayer,2,BARR,502,3,0.1,1
1780,1780,BARR_502_004,BARR,4,502,-0.06,Keep,6,activelayer,2,BARR,502,4,0.1,1
1781,1781,BARR_502_005,BARR,5,502,-0.06,Keep,17,activelayer,2,BARR,502,5,0.1,1
1782,1782,BARR_503_001,BARR,1,503,-0.16,Exclude,NA,activelayer,2,BARR,503,1,0.1,1
1783,1783,BARR_503_002,BARR,2,503,-0.16,Exclude,NA,activelayer,2,BARR,503,2,0.1,1
1784,1784,BARR_503_003,BARR,3,503,-0.15,Keep,0,activelayer,2,BARR,503,3,0.1,1
1785,1785,BARR_503_004,BARR,4,503,-0.16,Keep,0,activelayer,2,BARR,503,4,0.1,1
1786,1786,BARR_503_005,BARR,5,503,-0.16,Keep,7,activelayer,2,BARR,503,5,0.1,1
1787,1787,BARR_504_001,BARR,1,504,-0.26,Keep,0,activelayer,2,BARR,504,1,0.1,1
1788,1788,BARR_504_002,BARR,2,504,-0.26,Exclude,NA,activelayer,2,BARR,504,2,0.1,1
1789,1789,BARR_504_003,BARR,3,504,-0.25,Keep,0,activelayer,2,BARR,504,3,0.1,1
1790,1790,BARR_504_004,BARR,4,504,-0.26,Keep,0,activelayer,2,BARR,504,4,0.1,1
1791,1791,BARR_504_005,BARR,5,504,-0.26,Keep,0,activelayer,2,BARR,504,5,0.1,1
1792,1792,BARR_505_001,BARR,1,505,-0.36,Keep,0,activelayer,2,BARR,505,1,0.1,1
1793,1793,BARR_505_002,BARR,2,505,-0.36,Exclude,NA,activelayer,2,BARR,505,2,0.1,1
1794,1794,BARR_505_003,BARR,3,505,-0.35,Keep,0,activelayer,2,BARR,505,3,0.1,1
1795,1795,BARR_505_004,BARR,4,505,-0.36,Keep,0,activelayer,2,BARR,505,4,0.1,1
1796,1796,BARR_505_005,BARR,5,505,-0.36,Keep,0,activelayer,2,BARR,505,5,0.1,1
1797,1797,BARR_506_001,BARR,1,506,-0.56,Keep,0,activelayer,2,BARR,506,1,0.1,1
1798,1798,BARR_506_002,BARR,2,506,-0.56,Keep,0,activelayer,2,BARR,506,2,0.1,1
1799,1799,BARR_506_003,BARR,3,506,-0.55,Keep,0,activelayer,2,BARR,506,3,0.1,1
1800,1800,BARR_506_004,BARR,4,506,-0.56,Keep,0,activelayer,2,BARR,506,4,0.1,1
1801,1801,BARR_506_005,BARR,5,506,-0.56,Exclude,NA,activelayer,2,BARR,506,5,0.1,1
1802,1802,BARR_507_001,BARR,1,507,-0.86,Keep,0,activelayer,2,BARR,507,1,0.1,1
1803,1803,BARR_507_002,BARR,2,507,-0.86,Keep,0,activelayer,2,BARR,507,2,0.1,1
1804,1804,BARR_507_003,BARR,3,507,-0.85,Keep,0,activelayer,2,BARR,507,3,0.1,1
1805,1805,BARR_507_004,BARR,4,507,-0.86,Keep,0,activelayer,2,BARR,507,4,0.1,1
1806,1806,BARR_507_005,BARR,5,507,-0.86,Keep,0,activelayer,2,BARR,507,5,0.1,1
1807,1807,BARR_508_001,BARR,1,508,-1.36,Keep,0,activelayer,2,BARR,508,1,0.1,1
1808,1808,BARR_508_002,BARR,2,508,-1.36,Keep,0,activelayer,2,BARR,508,2,0.1,1
1809,1809,BARR_508_003,BARR,3,508,-1.35,Keep,0,activelayer,2,BARR,508,3,0.1,1
1810,1810,BARR_508_004,BARR,4,508,-1.36,Keep,0,activelayer,2,BARR,508,4,0.1,1
1811,1811,BARR_508_005,BARR,5,508,-1.36,Keep,0,activelayer,2,BARR,508,5,0.1,1
1812,1812,BARR_509_001,BARR,1,509,-1.76,Keep,0,activelayer,2,BARR,509,1,0.1,1
1813,1813,BARR_509_002,BARR,2,509,-2.26,Keep,0,activelayer,2,BARR,509,2,0.1,1
1814,1814,BARR_509_003,BARR,3,509,-1.75,Keep,0,activelayer,2,BARR,509,3,0.1,1
1815,1815,BARR_509_004,BARR,4,509,-1.96,Keep,0,activelayer,2,BARR,509,4,0.1,1
1816,1816,BARR_509_005,BARR,5,509,-1.86,Keep,0,activelayer,2,BARR,509,5,0.1,1
1817,1817,BONA_501_001,BONA,1,501,-0.02,Keep,43,activelayer,2,BONA,501,1,0.1,1
1818,1818,BONA_501_002,BONA,2,501,-0.01,Keep,29,activelayer,2,BONA,501,2,0.1,1
1819,1819,BONA_501_003,BONA,3,501,-0.02,Keep,40,activelayer,2,BONA,501,3,0.1,1
1820,1820,BONA_501_004,BONA,4,501,-0.02,Keep,32,activelayer,2,BONA,501,4,0.1,1
1821,1821,BONA_501_005,BONA,5,501,-0.03,Keep,23,activelayer,2,BONA,501,5,0.1,1
1822,1822,BONA_502_001,BONA,1,502,-0.06,Keep,41,activelayer,2,BONA,502,1,0.1,1
1823,1823,BONA_502_002,BONA,2,502,-0.05,Keep,26,activelayer,2,BONA,502,2,0.1,1
1824,1824,BONA_502_003,BONA,3,502,-0.06,Keep,35,activelayer,2,BONA,502,3,0.1,1
1825,1825,BONA_502_004,BONA,4,502,-0.06,Keep,27,activelayer,2,BONA,502,4,0.1,1
1826,1826,BONA_502_005,BONA,5,502,-0.07,Keep,23,activelayer,2,BONA,502,5,0.1,1
1827,1827,BONA_503_001,BONA,1,503,-0.16,Keep,17,activelayer,2,BONA,503,1,0.1,1
1828,1828,BONA_503_002,BONA,2,503,-0.15,Keep,18,activelayer,2,BONA,503,2,0.1,1
1829,1829,BONA_503_003,BONA,3,503,-0.16,Keep,16,activelayer,2,BONA,503,3,0.1,1
1830,1830,BONA_503_004,BONA,4,503,-0.16,Keep,8,activelayer,2,BONA,503,4,0.1,1
1831,1831,BONA_503_005,BONA,5,503,-0.17,Keep,7,activelayer,2,BONA,503,5,0.1,1
1832,1832,BONA_504_001,BONA,1,504,-0.26,Keep,8,activelayer,2,BONA,504,1,0.1,1
1833,1833,BONA_504_002,BONA,2,504,-0.25,Keep,14,activelayer,2,BONA,504,2,0.1,1
1834,1834,BONA_504_003,BONA,3,504,-0.26,Keep,10,activelayer,2,BONA,504,3,0.1,1
1835,1835,BONA_504_004,BONA,4,504,-0.26,Keep,12,activelayer,2,BONA,504,4,0.1,1
1836,1836,BONA_504_005,BONA,5,504,-0.27,Exclude,NA,activelayer,2,BONA,504,5,0.1,1
1837,1837,BONA_505_001,BONA,1,505,-0.46,Keep,0,activelayer,2,BONA,505,1,0.1,1
1838,1838,BONA_505_002,BONA,2,505,-0.45,Keep,0,activelayer,2,BONA,505,2,0.1,1
1839,1839,BONA_505_003,BONA,3,505,-0.46,Keep,0,activelayer,2,BONA,505,3,0.1,1
1840,1840,BONA_505_004,BONA,4,505,-0.46,Keep,0,activelayer,2,BONA,505,4,0.1,1
1841,1841,BONA_505_005,BONA,5,505,-0.47,Keep,0,activelayer,2,BONA,505,5,0.1,1
1842,1842,BONA_506_001,BONA,1,506,-0.76,Keep,0,activelayer,2,BONA,506,1,0.1,1
1843,1843,BONA_506_002,BONA,2,506,-0.75,Keep,0,activelayer,2,BONA,506,2,0.1,1
1844,1844,BONA_506_003,BONA,3,506,-0.76,Keep,0,activelayer,2,BONA,506,3,0.1,1
1845,1845,BONA_506_004,BONA,4,506,-0.76,Keep,0,activelayer,2,BONA,506,4,0.1,1
1846,1846,BONA_506_005,BONA,5,506,-0.77,Keep,0,activelayer,2,BONA,506,5,0.1,1
1847,1847,BONA_507_001,BONA,1,507,-1.06,Keep,0,activelayer,2,BONA,507,1,0.1,1
1848,1848,BONA_507_002,BONA,2,507,-1.05,Keep,0,activelayer,2,BONA,507,2,0.1,1
1849,1849,BONA_507_003,BONA,3,507,-1.06,Keep,0,activelayer,2,BONA,507,3,0.1,1
1850,1850,BONA_507_004,BONA,4,507,-1.06,Keep,0,activelayer,2,BONA,507,4,0.1,1
1851,1851,BONA_507_005,BONA,5,507,-1.07,Keep,0,activelayer,2,BONA,507,5,0.1,1
1852,1852,BONA_508_001,BONA,1,508,-1.56,Keep,0,activelayer,2,BONA,508,1,0.1,1
1853,1853,BONA_508_002,BONA,2,508,-1.55,Keep,0,activelayer,2,BONA,508,2,0.1,1
1854,1854,BONA_508_003,BONA,3,508,-1.56,Keep,0,activelayer,2,BONA,508,3,0.1,1
1855,1855,BONA_508_004,BONA,4,508,-1.56,Keep,0,activelayer,2,BONA,508,4,0.1,1
1856,1856,BONA_508_005,BONA,5,508,-1.57,Keep,0,activelayer,2,BONA,508,5,0.1,1
1857,1857,BONA_509_001,BONA,1,509,-1.86,Keep,0,activelayer,2,BONA,509,1,0.1,1
1858,1858,BONA_509_002,BONA,2,509,-1.85,Keep,0,activelayer,2,BONA,509,2,0.1,1
1859,1859,BONA_509_003,BONA,3,509,-1.86,Keep,0,activelayer,2,BONA,509,3,0.1,1
1860,1860,BONA_509_004,BONA,4,509,-1.96,Keep,0,activelayer,2,BONA,509,4,0.1,1
1861,1861,BONA_509_005,BONA,5,509,-2.07,Keep,0,activelayer,2,BONA,509,5,0.1,1
1862,1862,HEAL_501_001,HEAL,1,501,-0.03,Keep,26,activelayer,2,HEAL,501,1,0.1,1
1863,1863,HEAL_501_002,HEAL,2,501,-0.02,Keep,21,activelayer,2,HEAL,501,2,0.1,1
1864,1864,HEAL_501_003,HEAL,3,501,-0.02,Exclude,NA,activelayer,2,HEAL,501,3,0.1,1
1865,1865,HEAL_501_004,HEAL,4,501,-0.02,Keep,21,activelayer,2,HEAL,501,4,0.1,1
1866,1866,HEAL_501_005,HEAL,5,501,-0.02,Keep,24,activelayer,2,HEAL,501,5,0.1,1
1867,1867,HEAL_502_001,HEAL,1,502,-0.07,Keep,24,activelayer,2,HEAL,502,1,0.1,1
1868,1868,HEAL_502_002,HEAL,2,502,-0.06,Keep,22,activelayer,2,HEAL,502,2,0.1,1
1869,1869,HEAL_502_003,HEAL,3,502,-0.06,Keep,19,activelayer,2,HEAL,502,3,0.1,1
1870,1870,HEAL_502_004,HEAL,4,502,-0.06,Keep,21,activelayer,2,HEAL,502,4,0.1,1
1871,1871,HEAL_502_005,HEAL,5,502,-0.06,Keep,27,activelayer,2,HEAL,502,5,0.1,1
1872,1872,HEAL_503_001,HEAL,1,503,-0.17,Keep,25,activelayer,2,HEAL,503,1,0.1,1
1873,1873,HEAL_503_002,HEAL,2,503,-0.16,Keep,16,activelayer,2,HEAL,503,2,0.1,1
1874,1874,HEAL_503_003,HEAL,3,503,-0.16,Keep,18,activelayer,2,HEAL,503,3,0.1,1
1875,1875,HEAL_503_004,HEAL,4,503,-0.16,Keep,20,activelayer,2,HEAL,503,4,0.1,1
1876,1876,HEAL_503_005,HEAL,5,503,-0.16,Keep,22,activelayer,2,HEAL,503,5,0.1,1
1877,1877,HEAL_504_001,HEAL,1,504,-0.27,Keep,22,activelayer,2,HEAL,504,1,0.1,1
1878,1878,HEAL_504_002,HEAL,2,504,-0.26,Keep,18,activelayer,2,HEAL,504,2,0.1,1
1879,1879,HEAL_504_003,HEAL,3,504,-0.26,Keep,15,activelayer,2,HEAL,504,3,0.1,1
1880,1880,HEAL_504_004,HEAL,4,504,-0.26,Keep,24,activelayer,2,HEAL,504,4,0.1,1
1881,1881,HEAL_504_005,HEAL,5,504,-0.26,Keep,19,activelayer,2,HEAL,504,5,0.1,1
1882,1882,HEAL_505_001,HEAL,1,505,-0.37,Keep,19,activelayer,2,HEAL,505,1,0.1,1
1883,1883,HEAL_505_002,HEAL,2,505,-0.36,Exclude,NA,activelayer,2,HEAL,505,2,0.1,1
1884,1884,HEAL_505_003,HEAL,3,505,-0.36,Keep,11,activelayer,2,HEAL,505,3,0.1,1
1885,1885,HEAL_505_004,HEAL,4,505,-0.36,Keep,18,activelayer,2,HEAL,505,4,0.1,1
1886,1886,HEAL_505_005,HEAL,5,505,-0.36,Keep,13,activelayer,2,HEAL,505,5,0.1,1
1887,1887,HEAL_506_001,HEAL,1,506,-0.47,Keep,0,activelayer,2,HEAL,506,1,0.1,1
1888,1888,HEAL_506_002,HEAL,2,506,-0.46,Keep,0,activelayer,2,HEAL,506,2,0.1,1
1889,1889,HEAL_506_003,HEAL,3,506,-0.46,Keep,0,activelayer,2,HEAL,506,3,0.1,1
1890,1890,HEAL_506_004,HEAL,4,506,-0.46,Exclude,NA,activelayer,2,HEAL,506,4,0.1,1
1891,1891,HEAL_506_005,HEAL,5,506,-0.46,Keep,3,activelayer,2,HEAL,506,5,0.1,1
1892,1892,HEAL_507_001,HEAL,1,507,-0.67,Exclude,NA,activelayer,2,HEAL,507,1,0.1,1
1893,1893,HEAL_507_002,HEAL,2,507,-0.66,Keep,0,activelayer,2,HEAL,507,2,0.1,1
1894,1894,HEAL_507_003,HEAL,3,507,-0.66,Keep,0,activelayer,2,HEAL,507,3,0.1,1
1895,1895,HEAL_507_004,HEAL,4,507,-0.66,Keep,0,activelayer,2,HEAL,507,4,0.1,1
1896,1896,HEAL_507_005,HEAL,5,507,-0.66,Keep,0,activelayer,2,HEAL,507,5,0.1,1
1897,1897,HEAL_508_001,HEAL,1,508,-0.97,Exclude,NA,activelayer,2,HEAL,508,1,0.1,1
1898,1898,HEAL_508_002,HEAL,2,508,-0.96,Keep,0,activelayer,2,HEAL,508,2,0.1,1
1899,1899,HEAL_508_003,HEAL,3,508,-0.96,Keep,0,activelayer,2,HEAL,508,3,0.1,1
1900,1900,HEAL_508_004,HEAL,4,508,-0.96,Keep,0,activelayer,2,HEAL,508,4,0.1,1
1901,1901,HEAL_508_005,HEAL,5,508,-0.96,Keep,0,activelayer,2,HEAL,508,5,0.1,1
1902,1902,HEAL_509_001,HEAL,1,509,-1.57,Keep,0,activelayer,2,HEAL,509,1,0.1,1
1903,1903,HEAL_509_002,HEAL,2,509,-1.36,Keep,0,activelayer,2,HEAL,509,2,0.1,1
1904,1904,HEAL_509_003,HEAL,3,509,-1.26,Keep,0,activelayer,2,HEAL,509,3,0.1,1
1905,1905,HEAL_509_004,HEAL,4,509,-1.66,Keep,0,activelayer,2,HEAL,509,4,0.1,1
1906,1906,HEAL_509_005,HEAL,5,509,-1.26,Keep,0,activelayer,2,HEAL,509,5,0.1,1
1907,1907,TOOL_501_001,TOOL,1,501,-0.02,Keep,1,activelayer,2,TOOL,501,1,0.1,1
1908,1908,TOOL_501_002,TOOL,2,501,-0.02,Keep,8,activelayer,2,TOOL,501,2,0.1,1
1909,1909,TOOL_501_003,TOOL,3,501,-0.02,Keep,18,activelayer,2,TOOL,501,3,0.1,1
1910,1910,TOOL_501_004,TOOL,4,501,-0.02,Keep,10,activelayer,2,TOOL,501,4,0.1,1
1911,1911,TOOL_501_005,TOOL,5,501,-0.02,Keep,7,activelayer,2,TOOL,501,5,0.1,1
1912,1912,TOOL_502_001,TOOL,1,502,-0.06,Keep,0,activelayer,2,TOOL,502,1,0.1,1
1913,1913,TOOL_502_002,TOOL,2,502,-0.06,Keep,6,activelayer,2,TOOL,502,2,0.1,1
1914,1914,TOOL_502_003,TOOL,3,502,-0.06,Keep,11,activelayer,2,TOOL,502,3,0.1,1
1915,1915,TOOL_502_004,TOOL,4,502,-0.06,Keep,3,activelayer,2,TOOL,502,4,0.1,1
1916,1916,TOOL_502_005,TOOL,5,502,-0.06,Keep,2,activelayer,2,TOOL,502,5,0.1,1
1917,1917,TOOL_503_001,TOOL,1,503,-0.16,Keep,0,activelayer,2,TOOL,503,1,0.1,1
1918,1918,TOOL_503_002,TOOL,2,503,-0.16,Keep,0,activelayer,2,TOOL,503,2,0.1,1
1919,1919,TOOL_503_003,TOOL,3,503,-0.16,Keep,0,activelayer,2,TOOL,503,3,0.1,1
1920,1920,TOOL_503_004,TOOL,4,503,-0.16,Keep,0,activelayer,2,TOOL,503,4,0.1,1
1921,1921,TOOL_504_002,TOOL,2,504,-0.26,Keep,0,activelayer,2,TOOL,504,2,0.1,1
1922,1922,TOOL_504_003,TOOL,3,504,-0.26,Exclude,NA,activelayer,2,TOOL,504,3,0.1,1
1923,1923,TOOL_504_004,TOOL,4,504,-0.26,Keep,0,activelayer,2,TOOL,504,4,0.1,1
1924,1924,TOOL_505_002,TOOL,2,505,-0.36,Keep,0,activelayer,2,TOOL,505,2,0.1,1
1925,1925,TOOL_505_003,TOOL,3,505,-0.36,Keep,0,activelayer,2,TOOL,505,3,0.1,1
1926,1926,TOOL_505_004,TOOL,4,505,-0.36,Keep,0,activelayer,2,TOOL,505,4,0.1,1
1927,1927,TOOL_506_002,TOOL,2,506,-0.46,Keep,0,activelayer,2,TOOL,506,2,0.1,1
1928,1928,TOOL_506_003,TOOL,3,506,-0.46,Keep,0,activelayer,2,TOOL,506,3,0.1,1
1929,1929,TOOL_506_004,TOOL,4,506,-0.46,Keep,0,activelayer,2,TOOL,506,4,0.1,1
1930,1930,TOOL_507_002,TOOL,2,507,-0.56,Keep,0,activelayer,2,TOOL,507,2,0.1,1
1931,1931,TOOL_507_003,TOOL,3,507,-0.56,Keep,0,activelayer,2,TOOL,507,3,0.1,1
1932,1932,TOOL_507_004,TOOL,4,507,-0.56,Keep,0,activelayer,2,TOOL,507,4,0.1,1
3382,3382,BARR_501_001,BARR,1,501,-0.02,Keep,1,activelayer,2,BARR,501,1,0.5,24
3383,3383,BARR_501_002,BARR,2,501,-0.02,Keep,2,activelayer,2,BARR,501,2,0.5,24
3384,3384,BARR_501_003,BARR,3,501,-0.01,Keep,1,activelayer,2,BARR,501,3,0.5,24
3385,3385,BARR_501_004,BARR,4,501,-0.02,Exclude,NA,activelayer,2,BARR,501,4,0.5,24
3386,3386,BARR_501_005,BARR,5,501,-0.02,Keep,5,activelayer,2,BARR,501,5,0.5,24
3387,3387,BARR_502_001,BARR,1,502,-0.06,Keep,2,activelayer,2,BARR,502,1,0.5,24
3388,3388,BARR_502_002,BARR,2,502,-0.06,Keep,1,activelayer,2,BARR,502,2,0.5,24
3389,3389,BARR_502_003,BARR,3,502,-0.05,Keep,2,activelayer,2,BARR,502,3,0.5,24
3390,3390,BARR_502_004,BARR,4,502,-0.06,Keep,1,activelayer,2,BARR,502,4,0.5,24
3391,3391,BARR_502_005,BARR,5,502,-0.06,Keep,2,activelayer,2,BARR,502,5,0.5,24
3392,3392,BARR_503_001,BARR,1,503,-0.16,Exclude,NA,activelayer,2,BARR,503,1,0.5,24
3393,3393,BARR_503_002,BARR,2,503,-0.16,Exclude,NA,activelayer,2,BARR,503,2,0.5,24
3394,3394,BARR_503_003,BARR,3,503,-0.15,Keep,0,activelayer,2,BARR,503,3,0.5,24
3395,3395,BARR_503_004,BARR,4,503,-0.16,Keep,0,activelayer,2,BARR,503,4,0.5,24
3396,3396,BARR_503_005,BARR,5,503,-0.16,Keep,1,activelayer,2,BARR,503,5,0.5,24
3397,3397,BARR_504_001,BARR,1,504,-0.26,Keep,0,activelayer,2,BARR,504,1,0.5,24
3398,3398,BARR_504_002,BARR,2,504,-0.26,Exclude,NA,activelayer,2,BARR,504,2,0.5,24
3399,3399,BARR_504_003,BARR,3,504,-0.25,Keep,0,activelayer,2,BARR,504,3,0.5,24
3400,3400,BARR_504_004,BARR,4,504,-0.26,Keep,0,activelayer,2,BARR,504,4,0.5,24
3401,3401,BARR_504_005,BARR,5,504,-0.26,Keep,0,activelayer,2,BARR,504,5,0.5,24
3402,3402,BARR_505_001,BARR,1,505,-0.36,Keep,0,activelayer,2,BARR,505,1,0.5,24
3403,3403,BARR_505_002,BARR,2,505,-0.36,Exclude,NA,activelayer,2,BARR,505,2,0.5,24
3404,3404,BARR_505_003,BARR,3,505,-0.35,Keep,0,activelayer,2,BARR,505,3,0.5,24
3405,3405,BARR_505_004,BARR,4,505,-0.36,Keep,0,activelayer,2,BARR,505,4,0.5,24
3406,3406,BARR_505_005,BARR,5,505,-0.36,Keep,0,activelayer,2,BARR,505,5,0.5,24
3407,3407,BARR_506_001,BARR,1,506,-0.56,Keep,0,activelayer,2,BARR,506,1,0.5,24
3408,3408,BARR_506_002,BARR,2,506,-0.56,Keep,0,activelayer,2,BARR,506,2,0.5,24
3409,3409,BARR_506_003,BARR,3,506,-0.55,Keep,0,activelayer,2,BARR,506,3,0.5,24
3410,3410,BARR_506_004,BARR,4,506,-0.56,Keep,0,activelayer,2,BARR,506,4,0.5,24
3411,3411,BARR_506_005,BARR,5,506,-0.56,Exclude,NA,activelayer,2,BARR,506,5,0.5,24
3412,3412,BARR_507_001,BARR,1,507,-0.86,Keep,0,activelayer,2,BARR,507,1,0.5,24
3413,3413,BARR_507_002,BARR,2,507,-0.86,Keep,0,activelayer,2,BARR,507,2,0.5,24
3414,3414,BARR_507_003,BARR,3,507,-0.85,Keep,0,activelayer,2,BARR,507,3,0.5,24
3415,3415,BARR_507_004,BARR,4,507,-0.86,Keep,0,activelayer,2,BARR,507,4,0.5,24
3416,3416,BARR_507_005,BARR,5,507,-0.86,Keep,0,activelayer,2,BARR,507,5,0.5,24
3417,3417,BARR_508_001,BARR,1,508,-1.36,Keep,0,activelayer,2,BARR,508,1,0.5,24
3418,3418,BARR_508_002,BARR,2,508,-1.36,Keep,0,activelayer,2,BARR,508,2,0.5,24
3419,3419,BARR_508_003,BARR,3,508,-1.35,Keep,0,activelayer,2,BARR,508,3,0.5,24
3420,3420,BARR_508_004,BARR,4,508,-1.36,Keep,0,activelayer,2,BARR,508,4,0.5,24
3421,3421,BARR_508_005,BARR,5,508,-1.36,Keep,0,activelayer,2,BARR,508,5,0.5,24
3422,3422,BARR_509_001,BARR,1,509,-1.76,Keep,0,activelayer,2,BARR,509,1,0.5,24
3423,3423,BARR_509_002,BARR,2,509,-2.26,Keep,0,activelayer,2,BARR,509,2,0.5,24
3424,3424,BARR_509_003,BARR,3,509,-1.75,Keep,0,activelayer,2,BARR,509,3,0.5,24
3425,3425,BARR_509_004,BARR,4,509,-1.96,Keep,0,activelayer,2,BARR,509,4,0.5,24
3426,3426,BARR_509_005,BARR,5,509,-1.86,Keep,0,activelayer,2,BARR,509,5,0.5,24
3427,3427,BONA_501_001,BONA,1,501,-0.02,Keep,4,activelayer,2,BONA,501,1,0.5,24
3428,3428,BONA_501_002,BONA,2,501,-0.01,Keep,4,activelayer,2,BONA,501,2,0.5,24
3429,3429,BONA_501_003,BONA,3,501,-0.02,Keep,4,activelayer,2,BONA,501,3,0.5,24
3430,3430,BONA_501_004,BONA,4,501,-0.02,Keep,4,activelayer,2,BONA,501,4,0.5,24
3431,3431,BONA_501_005,BONA,5,501,-0.03,Keep,4,activelayer,2,BONA,501,5,0.5,24
3432,3432,BONA_502_001,BONA,1,502,-0.06,Keep,4,activelayer,2,BONA,502,1,0.5,24
3433,3433,BONA_502_002,BONA,2,502,-0.05,Keep,4,activelayer,2,BONA,502,2,0.5,24
3434,3434,BONA_502_003,BONA,3,502,-0.06,Keep,4,activelayer,2,BONA,502,3,0.5,24
3435,3435,BONA_502_004,BONA,4,502,-0.06,Keep,2,activelayer,2,BONA,502,4,0.5,24
3436,3436,BONA_502_005,BONA,5,502,-0.07,Keep,2,activelayer,2,BONA,502,5,0.5,24
3437,3437,BONA_503_001,BONA,1,503,-0.16,Keep,3,activelayer,2,BONA,503,1,0.5,24
3438,3438,BONA_503_002,BONA,2,503,-0.15,Keep,2,activelayer,2,BONA,503,2,0.5,24
3439,3439,BONA_503_003,BONA,3,503,-0.16,Keep,4,activelayer,2,BONA,503,3,0.5,24
3440,3440,BONA_503_004,BONA,4,503,-0.16,Keep,1,activelayer,2,BONA,503,4,0.5,24
3441,3441,BONA_503_005,BONA,5,503,-0.17,Keep,2,activelayer,2,BONA,503,5,0.5,24
3442,3442,BONA_504_001,BONA,1,504,-0.26,Keep,2,activelayer,2,BONA,504,1,0.5,24
3443,3443,BONA_504_002,BONA,2,504,-0.25,Keep,3,activelayer,2,BONA,504,2,0.5,24
3444,3444,BONA_504_003,BONA,3,504,-0.26,Keep,1,activelayer,2,BONA,504,3,0.5,24
3445,3445,BONA_504_004,BONA,4,504,-0.26,Keep,1,activelayer,2,BONA,504,4,0.5,24
3446,3446,BONA_504_005,BONA,5,504,-0.27,Exclude,NA,activelayer,2,BONA,504,5,0.5,24
3447,3447,BONA_505_001,BONA,1,505,-0.46,Keep,0,activelayer,2,BONA,505,1,0.5,24
3448,3448,BONA_505_002,BONA,2,505,-0.45,Keep,0,activelayer,2,BONA,505,2,0.5,24
3449,3449,BONA_505_003,BONA,3,505,-0.46,Keep,0,activelayer,2,BONA,505,3,0.5,24
3450,3450,BONA_505_004,BONA,4,505,-0.46,Keep,0,activelayer,2,BONA,505,4,0.5,24
3451,3451,BONA_505_005,BONA,5,505,-0.47,Keep,0,activelayer,2,BONA,505,5,0.5,24
3452,3452,BONA_506_001,BONA,1,506,-0.76,Keep,0,activelayer,2,BONA,506,1,0.5,24
3453,3453,BONA_506_002,BONA,2,506,-0.75,Keep,0,activelayer,2,BONA,506,2,0.5,24
3454,3454,BONA_506_003,BONA,3,506,-0.76,Keep,0,activelayer,2,BONA,506,3,0.5,24
3455,3455,BONA_506_004,BONA,4,506,-0.76,Keep,0,activelayer,2,BONA,506,4,0.5,24
3456,3456,BONA_506_005,BONA,5,506,-0.77,Keep,0,activelayer,2,BONA,506,5,0.5,24
3457,3457,BONA_507_001,BONA,1,507,-1.06,Keep,0,activelayer,2,BONA,507,1,0.5,24
3458,3458,BONA_507_002,BONA,2,507,-1.05,Keep,0,activelayer,2,BONA,507,2,0.5,24
3459,3459,BONA_507_003,BONA,3,507,-1.06,Keep,0,activelayer,2,BONA,507,3,0.5,24
3460,3460,BONA_507_004,BONA,4,507,-1.06,Keep,0,activelayer,2,BONA,507,4,0.5,24
3461,3461,BONA_507_005,BONA,5,507,-1.07,Keep,0,activelayer,2,BONA,507,5,0.5,24
3462,3462,BONA_508_001,BONA,1,508,-1.56,Keep,0,activelayer,2,BONA,508,1,0.5,24
3463,3463,BONA_508_002,BONA,2,508,-1.55,Keep,0,activelayer,2,BONA,508,2,0.5,24
3464,3464,BONA_508_003,BONA,3,508,-1.56,Keep,0,activelayer,2,BONA,508,3,0.5,24
3465,3465,BONA_508_004,BONA,4,508,-1.56,Keep,0,activelayer,2,BONA,508,4,0.5,24
3466,3466,BONA_508_005,BONA,5,508,-1.57,Keep,0,activelayer,2,BONA,508,5,0.5,24
3467,3467,BONA_509_001,BONA,1,509,-1.86,Keep,0,activelayer,2,BONA,509,1,0.5,24
3468,3468,BONA_509_002,BONA,2,509,-1.85,Keep,0,activelayer,2,BONA,509,2,0.5,24
3469,3469,BONA_509_003,BONA,3,509,-1.86,Keep,0,activelayer,2,BONA,509,3,0.5,24
3470,3470,BONA_509_004,BONA,4,509,-1.96,Keep,0,activelayer,2,BONA,509,4,0.5,24
3471,3471,BONA_509_005,BONA,5,509,-2.07,Keep,0,activelayer,2,BONA,509,5,0.5,24
3472,3472,HEAL_501_001,HEAL,1,501,-0.03,Keep,6,activelayer,2,HEAL,501,1,0.5,24
3473,3473,HEAL_501_002,HEAL,2,501,-0.02,Keep,5,activelayer,2,HEAL,501,2,0.5,24
3474,3474,HEAL_501_003,HEAL,3,501,-0.02,Exclude,NA,activelayer,2,HEAL,501,3,0.5,24
3475,3475,HEAL_501_004,HEAL,4,501,-0.02,Keep,5,activelayer,2,HEAL,501,4,0.5,24
3476,3476,HEAL_501_005,HEAL,5,501,-0.02,Keep,6,activelayer,2,HEAL,501,5,0.5,24
3477,3477,HEAL_502_001,HEAL,1,502,-0.07,Keep,6,activelayer,2,HEAL,502,1,0.5,24
3478,3478,HEAL_502_002,HEAL,2,502,-0.06,Keep,5,activelayer,2,HEAL,502,2,0.5,24
3479,3479,HEAL_502_003,HEAL,3,502,-0.06,Keep,6,activelayer,2,HEAL,502,3,0.5,24
3480,3480,HEAL_502_004,HEAL,4,502,-0.06,Keep,5,activelayer,2,HEAL,502,4,0.5,24
3481,3481,HEAL_502_005,HEAL,5,502,-0.06,Keep,6,activelayer,2,HEAL,502,5,0.5,24
3482,3482,HEAL_503_001,HEAL,1,503,-0.17,Keep,6,activelayer,2,HEAL,503,1,0.5,24
3483,3483,HEAL_503_002,HEAL,2,503,-0.16,Keep,5,activelayer,2,HEAL,503,2,0.5,24
3484,3484,HEAL_503_003,HEAL,3,503,-0.16,Keep,5,activelayer,2,HEAL,503,3,0.5,24
3485,3485,HEAL_503_004,HEAL,4,503,-0.16,Keep,5,activelayer,2,HEAL,503,4,0.5,24
3486,3486,HEAL_503_005,HEAL,5,503,-0.16,Keep,4,activelayer,2,HEAL,503,5,0.5,24
3487,3487,HEAL_504_001,HEAL,1,504,-0.27,Keep,5,activelayer,2,HEAL,504,1,0.5,24
3488,3488,HEAL_504_002,HEAL,2,504,-0.26,Keep,2,activelayer,2,HEAL,504,2,0.5,24
3489,3489,HEAL_504_003,HEAL,3,504,-0.26,Keep,4,activelayer,2,HEAL,504,3,0.5,24
3490,3490,HEAL_504_004,HEAL,4,504,-0.26,Keep,4,activelayer,2,HEAL,504,4,0.5,24
3491,3491,HEAL_504_005,HEAL,5,504,-0.26,Keep,6,activelayer,2,HEAL,504,5,0.5,24
3492,3492,HEAL_505_001,HEAL,1,505,-0.37,Keep,3,activelayer,2,HEAL,505,1,0.5,24
3493,3493,HEAL_505_002,HEAL,2,505,-0.36,Exclude,NA,activelayer,2,HEAL,505,2,0.5,24
3494,3494,HEAL_505_003,HEAL,3,505,-0.36,Keep,2,activelayer,2,HEAL,505,3,0.5,24
3495,3495,HEAL_505_004,HEAL,4,505,-0.36,Keep,4,activelayer,2,HEAL,505,4,0.5,24
3496,3496,HEAL_505_005,HEAL,5,505,-0.36,Keep,4,activelayer,2,HEAL,505,5,0.5,24
3497,3497,HEAL_506_001,HEAL,1,506,-0.47,Keep,0,activelayer,2,HEAL,506,1,0.5,24
3498,3498,HEAL_506_002,HEAL,2,506,-0.46,Keep,0,activelayer,2,HEAL,506,2,0.5,24
3499,3499,HEAL_506_003,HEAL,3,506,-0.46,Keep,0,activelayer,2,HEAL,506,3,0.5,24
3500,3500,HEAL_506_004,HEAL,4,506,-0.46,Exclude,NA,activelayer,2,HEAL,506,4,0.5,24
3501,3501,HEAL_506_005,HEAL,5,506,-0.46,Keep,0,activelayer,2,HEAL,506,5,0.5,24
3502,3502,HEAL_507_001,HEAL,1,507,-0.67,Exclude,NA,activelayer,2,HEAL,507,1,0.5,24
3503,3503,HEAL_507_002,HEAL,2,507,-0.66,Keep,0,activelayer,2,HEAL,507,2,0.5,24
3504,3504,HEAL_507_003,HEAL,3,507,-0.66,Keep,0,activelayer,2,HEAL,507,3,0.5,24
3505,3505,HEAL_507_004,HEAL,4,507,-0.66,Keep,0,activelayer,2,HEAL,507,4,0.5,24
3506,3506,HEAL_507_005,HEAL,5,507,-0.66,Keep,0,activelayer,2,HEAL,507,5,0.5,24
3507,3507,HEAL_508_001,HEAL,1,508,-0.97,Exclude,NA,activelayer,2,HEAL,508,1,0.5,24
3508,3508,HEAL_508_002,HEAL,2,508,-0.96,Keep,0,activelayer,2,HEAL,508,2,0.5,24
3509,3509,HEAL_508_003,HEAL,3,508,-0.96,Keep,0,activelayer,2,HEAL,508,3,0.5,24
3510,3510,HEAL_508_004,HEAL,4,508,-0.96,Keep,0,activelayer,2,HEAL,508,4,0.5,24
3511,3511,HEAL_508_005,HEAL,5,508,-0.96,Keep,0,activelayer,2,HEAL,508,5,0.5,24
3512,3512,HEAL_509_001,HEAL,1,509,-1.57,Keep,0,activelayer,2,HEAL,509,1,0.5,24
3513,3513,HEAL_509_002,HEAL,2,509,-1.36,Keep,0,activelayer,2,HEAL,509,2,0.5,24
3514,3514,HEAL_509_003,HEAL,3,509,-1.26,Keep,0,activelayer,2,HEAL,509,3,0.5,24
3515,3515,HEAL_509_004,HEAL,4,509,-1.66,Keep,0,activelayer,2,HEAL,509,4,0.5,24
3516,3516,HEAL_509_005,HEAL,5,509,-1.26,Keep,0,activelayer,2,HEAL,509,5,0.5,24
3517,3517,TOOL_501_001,TOOL,1,501,-0.02,Keep,0,activelayer,2,TOOL,501,1,0.5,24
3518,3518,TOOL_501_002,TOOL,2,501,-0.02,Keep,0,activelayer,2,TOOL,501,2,0.5,24
3519,3519,TOOL_501_003,TOOL,3,501,-0.02,Keep,3,activelayer,2,TOOL,501,3,0.5,24
3520,3520,TOOL_501_004,TOOL,4,501,-0.02,Keep,2,activelayer,2,TOOL,501,4,0.5,24
3521,3521,TOOL_501_005,TOOL,5,501,-0.02,Keep,1,activelayer,2,TOOL,501,5,0.5,24
3522,3522,TOOL_502_001,TOOL,1,502,-0.06,Keep,0,activelayer,2,TOOL,502,1,0.5,24
3523,3523,TOOL_502_002,TOOL,2,502,-0.06,Keep,0,activelayer,2,TOOL,502,2,0.5,24
3524,3524,TOOL_502_003,TOOL,3,502,-0.06,Keep,2,activelayer,2,TOOL,502,3,0.5,24
3525,3525,TOOL_502_004,TOOL,4,502,-0.06,Keep,0,activelayer,2,TOOL,502,4,0.5,24
3526,3526,TOOL_502_005,TOOL,5,502,-0.06,Keep,0,activelayer,2,TOOL,502,5,0.5,24
3527,3527,TOOL_503_001,TOOL,1,503,-0.16,Keep,0,activelayer,2,TOOL,503,1,0.5,24
3528,3528,TOOL_503_002,TOOL,2,503,-0.16,Keep,0,activelayer,2,TOOL,503,2,0.5,24
3529,3529,TOOL_503_003,TOOL,3,503,-0.16,Keep,0,activelayer,2,TOOL,503,3,0.5,24
3530,3530,TOOL_503_004,TOOL,4,503,-0.16,Keep,0,activelayer,2,TOOL,503,4,0.5,24
3531,3531,TOOL_504_002,TOOL,2,504,-0.26,Keep,0,activelayer,2,TOOL,504,2,0.5,24
3532,3532,TOOL_504_003,TOOL,3,504,-0.26,Exclude,NA,activelayer,2,TOOL,504,3,0.5,24
3533,3533,TOOL_504_004,TOOL,4,504,-0.26,Keep,0,activelayer,2,TOOL,504,4,0.5,24
3534,3534,TOOL_505_002,TOOL,2,505,-0.36,Keep,0,activelayer,2,TOOL,505,2,0.5,24
3535,3535,TOOL_505_003,TOOL,3,505,-0.36,Keep,0,activelayer,2,TOOL,505,3,0.5,24
3536,3536,TOOL_505_004,TOOL,4,505,-0.36,Keep,0,activelayer,2,TOOL,505,4,0.5,24
3537,3537,TOOL_506_002,TOOL,2,506,-0.46,Keep,0,activelayer,2,TOOL,506,2,0.5,24
3538,3538,TOOL_506_003,TOOL,3,506,-0.46,Keep,0,activelayer,2,TOOL,506,3,0.5,24
3539,3539,TOOL_506_004,TOOL,4,506,-0.46,Keep,0,activelayer,2,TOOL,506,4,0.5,24
3540,3540,TOOL_507_002,TOOL,2,507,-0.56,Keep,0,activelayer,2,TOOL,507,2,0.5,24
3541,3541,TOOL_507_003,TOOL,3,507,-0.56,Keep,0,activelayer,2,TOOL,507,3,0.5,24
3542,3542,TOOL_507_004,TOOL,4,507,-0.56,Keep,0,activelayer,2,TOOL,507,4,0.5,24
4992,4992,BARR_501_001,BARR,1,501,-0.02,Keep,1,activelayer,2,BARR,501,1,1,24
4993,4993,BARR_501_002,BARR,2,501,-0.02,Keep,1,activelayer,2,BARR,501,2,1,24
4994,4994,BARR_501_003,BARR,3,501,-0.01,Keep,1,activelayer,2,BARR,501,3,1,24
4995,4995,BARR_501_004,BARR,4,501,-0.02,Exclude,NA,activelayer,2,BARR,501,4,1,24
4996,4996,BARR_501_005,BARR,5,501,-0.02,Keep,1,activelayer,2,BARR,501,5,1,24
4997,4997,BARR_502_001,BARR,1,502,-0.06,Keep,2,activelayer,2,BARR,502,1,1,24
4998,4998,BARR_502_002,BARR,2,502,-0.06,Keep,1,activelayer,2,BARR,502,2,1,24
4999,4999,BARR_502_003,BARR,3,502,-0.05,Keep,2,activelayer,2,BARR,502,3,1,24
5000,5000,BARR_502_004,BARR,4,502,-0.06,Keep,1,activelayer,2,BARR,502,4,1,24
5001,5001,BARR_502_005,BARR,5,502,-0.06,Keep,1,activelayer,2,BARR,502,5,1,24
5002,5002,BARR_503_001,BARR,1,503,-0.16,Exclude,NA,activelayer,2,BARR,503,1,1,24
5003,5003,BARR_503_002,BARR,2,503,-0.16,Exclude,NA,activelayer,2,BARR,503,2,1,24
5004,5004,BARR_503_003,BARR,3,503,-0.15,Keep,0,activelayer,2,BARR,503,3,1,24
5005,5005,BARR_503_004,BARR,4,503,-0.16,Keep,0,activelayer,2,BARR,503,4,1,24
5006,5006,BARR_503_005,BARR,5,503,-0.16,Keep,1,activelayer,2,BARR,503,5,1,24
5007,5007,BARR_504_001,BARR,1,504,-0.26,Keep,0,activelayer,2,BARR,504,1,1,24
5008,5008,BARR_504_002,BARR,2,504,-0.26,Exclude,NA,activelayer,2,BARR,504,2,1,24
5009,5009,BARR_504_003,BARR,3,504,-0.25,Keep,0,activelayer,2,BARR,504,3,1,24
5010,5010,BARR_504_004,BARR,4,504,-0.26,Keep,0,activelayer,2,BARR,504,4,1,24
5011,5011,BARR_504_005,BARR,5,504,-0.26,Keep,0,activelayer,2,BARR,504,5,1,24
5012,5012,BARR_505_001,BARR,1,505,-0.36,Keep,0,activelayer,2,BARR,505,1,1,24
5013,5013,BARR_505_002,BARR,2,505,-0.36,Exclude,NA,activelayer,2,BARR,505,2,1,24
5014,5014,BARR_505_003,BARR,3,505,-0.35,Keep,0,activelayer,2,BARR,505,3,1,24
5015,5015,BARR_505_004,BARR,4,505,-0.36,Keep,0,activelayer,2,BARR,505,4,1,24
5016,5016,BARR_505_005,BARR,5,505,-0.36,Keep,0,activelayer,2,BARR,505,5,1,24
5017,5017,BARR_506_001,BARR,1,506,-0.56,Keep,0,activelayer,2,BARR,506,1,1,24
5018,5018,BARR_506_002,BARR,2,506,-0.56,Keep,0,activelayer,2,BARR,506,2,1,24
5019,5019,BARR_506_003,BARR,3,506,-0.55,Keep,0,activelayer,2,BARR,506,3,1,24
5020,5020,BARR_506_004,BARR,4,506,-0.56,Keep,0,activelayer,2,BARR,506,4,1,24
5021,5021,BARR_506_005,BARR,5,506,-0.56,Exclude,NA,activelayer,2,BARR,506,5,1,24
5022,5022,BARR_507_001,BARR,1,507,-0.86,Keep,0,activelayer,2,BARR,507,1,1,24
5023,5023,BARR_507_002,BARR,2,507,-0.86,Keep,0,activelayer,2,BARR,507,2,1,24
5024,5024,BARR_507_003,BARR,3,507,-0.85,Keep,0,activelayer,2,BARR,507,3,1,24
5025,5025,BARR_507_004,BARR,4,507,-0.86,Keep,0,activelayer,2,BARR,507,4,1,24
5026,5026,BARR_507_005,BARR,5,507,-0.86,Keep,0,activelayer,2,BARR,507,5,1,24
5027,5027,BARR_508_001,BARR,1,508,-1.36,Keep,0,activelayer,2,BARR,508,1,1,24
5028,5028,BARR_508_002,BARR,2,508,-1.36,Keep,0,activelayer,2,BARR,508,2,1,24
5029,5029,BARR_508_003,BARR,3,508,-1.35,Keep,0,activelayer,2,BARR,508,3,1,24
5030,5030,BARR_508_004,BARR,4,508,-1.36,Keep,0,activelayer,2,BARR,508,4,1,24
5031,5031,BARR_508_005,BARR,5,508,-1.36,Keep,0,activelayer,2,BARR,508,5,1,24
5032,5032,BARR_509_001,BARR,1,509,-1.76,Keep,0,activelayer,2,BARR,509,1,1,24
5033,5033,BARR_509_002,BARR,2,509,-2.26,Keep,0,activelayer,2,BARR,509,2,1,24
5034,5034,BARR_509_003,BARR,3,509,-1.75,Keep,0,activelayer,2,BARR,509,3,1,24
5035,5035,BARR_509_004,BARR,4,509,-1.96,Keep,0,activelayer,2,BARR,509,4,1,24
5036,5036,BARR_509_005,BARR,5,509,-1.86,Keep,0,activelayer,2,BARR,509,5,1,24
5037,5037,BONA_501_001,BONA,1,501,-0.02,Keep,4,activelayer,2,BONA,501,1,1,24
5038,5038,BONA_501_002,BONA,2,501,-0.01,Keep,4,activelayer,2,BONA,501,2,1,24
5039,5039,BONA_501_003,BONA,3,501,-0.02,Keep,4,activelayer,2,BONA,501,3,1,24
5040,5040,BONA_501_004,BONA,4,501,-0.02,Keep,3,activelayer,2,BONA,501,4,1,24
5041,5041,BONA_501_005,BONA,5,501,-0.03,Keep,2,activelayer,2,BONA,501,5,1,24
5042,5042,BONA_502_001,BONA,1,502,-0.06,Keep,4,activelayer,2,BONA,502,1,1,24
5043,5043,BONA_502_002,BONA,2,502,-0.05,Keep,2,activelayer,2,BONA,502,2,1,24
5044,5044,BONA_502_003,BONA,3,502,-0.06,Keep,4,activelayer,2,BONA,502,3,1,24
5045,5045,BONA_502_004,BONA,4,502,-0.06,Keep,2,activelayer,2,BONA,502,4,1,24
5046,5046,BONA_502_005,BONA,5,502,-0.07,Keep,2,activelayer,2,BONA,502,5,1,24
5047,5047,BONA_503_001,BONA,1,503,-0.16,Keep,2,activelayer,2,BONA,503,1,1,24
5048,5048,BONA_503_002,BONA,2,503,-0.15,Keep,2,activelayer,2,BONA,503,2,1,24
5049,5049,BONA_503_003,BONA,3,503,-0.16,Keep,2,activelayer,2,BONA,503,3,1,24
5050,5050,BONA_503_004,BONA,4,503,-0.16,Keep,1,activelayer,2,BONA,503,4,1,24
5051,5051,BONA_503_005,BONA,5,503,-0.17,Keep,2,activelayer,2,BONA,503,5,1,24
5052,5052,BONA_504_001,BONA,1,504,-0.26,Keep,1,activelayer,2,BONA,504,1,1,24
5053,5053,BONA_504_002,BONA,2,504,-0.25,Keep,1,activelayer,2,BONA,504,2,1,24
5054,5054,BONA_504_003,BONA,3,504,-0.26,Keep,0,activelayer,2,BONA,504,3,1,24
5055,5055,BONA_504_004,BONA,4,504,-0.26,Keep,0,activelayer,2,BONA,504,4,1,24
5056,5056,BONA_504_005,BONA,5,504,-0.27,Exclude,NA,activelayer,2,BONA,504,5,1,24
5057,5057,BONA_505_001,BONA,1,505,-0.46,Keep,0,activelayer,2,BONA,505,1,1,24
5058,5058,BONA_505_002,BONA,2,505,-0.45,Keep,0,activelayer,2,BONA,505,2,1,24
5059,5059,BONA_505_003,BONA,3,505,-0.46,Keep,0,activelayer,2,BONA,505,3,1,24
5060,5060,BONA_505_004,BONA,4,505,-0.46,Keep,0,activelayer,2,BONA,505,4,1,24
5061,5061,BONA_505_005,BONA,5,505,-0.47,Keep,0,activelayer,2,BONA,505,5,1,24
5062,5062,BONA_506_001,BONA,1,506,-0.76,Keep,0,activelayer,2,BONA,506,1,1,24
5063,5063,BONA_506_002,BONA,2,506,-0.75,Keep,0,activelayer,2,BONA,506,2,1,24
5064,5064,BONA_506_003,BONA,3,506,-0.76,Keep,0,activelayer,2,BONA,506,3,1,24
5065,5065,BONA_506_004,BONA,4,506,-0.76,Keep,0,activelayer,2,BONA,506,4,1,24
5066,5066,BONA_506_005,BONA,5,506,-0.77,Keep,0,activelayer,2,BONA,506,5,1,24
5067,5067,BONA_507_001,BONA,1,507,-1.06,Keep,0,activelayer,2,BONA,507,1,1,24
5068,5068,BONA_507_002,BONA,2,507,-1.05,Keep,0,activelayer,2,BONA,507,2,1,24
5069,5069,BONA_507_003,BONA,3,507,-1.06,Keep,0,activelayer,2,BONA,507,3,1,24
5070,5070,BONA_507_004,BONA,4,507,-1.06,Keep,0,activelayer,2,BONA,507,4,1,24
5071,5071,BONA_507_005,BONA,5,507,-1.07,Keep,0,activelayer,2,BONA,507,5,1,24
5072,5072,BONA_508_001,BONA,1,508,-1.56,Keep,0,activelayer,2,BONA,508,1,1,24
5073,5073,BONA_508_002,BONA,2,508,-1.55,Keep,0,activelayer,2,BONA,508,2,1,24
5074,5074,BONA_508_003,BONA,3,508,-1.56,Keep,0,activelayer,2,BONA,508,3,1,24
5075,5075,BONA_508_004,BONA,4,508,-1.56,Keep,0,activelayer,2,BONA,508,4,1,24
5076,5076,BONA_508_005,BONA,5,508,-1.57,Keep,0,activelayer,2,BONA,508,5,1,24
5077,5077,BONA_509_001,BONA,1,509,-1.86,Keep,0,activelayer,2,BONA,509,1,1,24
5078,5078,BONA_509_002,BONA,2,509,-1.85,Keep,0,activelayer,2,BONA,509,2,1,24
5079,5079,BONA_509_003,BONA,3,509,-1.86,Keep,0,activelayer,2,BONA,509,3,1,24
5080,5080,BONA_509_004,BONA,4,509,-1.96,Keep,0,activelayer,2,BONA,509,4,1,24
5081,5081,BONA_509_005,BONA,5,509,-2.07,Keep,0,activelayer,2,BONA,509,5,1,24
5082,5082,HEAL_501_001,HEAL,1,501,-0.03,Keep,5,activelayer,2,HEAL,501,1,1,24
5083,5083,HEAL_501_002,HEAL,2,501,-0.02,Keep,5,activelayer,2,HEAL,501,2,1,24
5084,5084,HEAL_501_003,HEAL,3,501,-0.02,Exclude,NA,activelayer,2,HEAL,501,3,1,24
5085,5085,HEAL_501_004,HEAL,4,501,-0.02,Keep,5,activelayer,2,HEAL,501,4,1,24
5086,5086,HEAL_501_005,HEAL,5,501,-0.02,Keep,6,activelayer,2,HEAL,501,5,1,24
5087,5087,HEAL_502_001,HEAL,1,502,-0.07,Keep,5,activelayer,2,HEAL,502,1,1,24
5088,5088,HEAL_502_002,HEAL,2,502,-0.06,Keep,5,activelayer,2,HEAL,502,2,1,24
5089,5089,HEAL_502_003,HEAL,3,502,-0.06,Keep,5,activelayer,2,HEAL,502,3,1,24
5090,5090,HEAL_502_004,HEAL,4,502,-0.06,Keep,5,activelayer,2,HEAL,502,4,1,24
5091,5091,HEAL_502_005,HEAL,5,502,-0.06,Keep,5,activelayer,2,HEAL,502,5,1,24
5092,5092,HEAL_503_001,HEAL,1,503,-0.17,Keep,5,activelayer,2,HEAL,503,1,1,24
5093,5093,HEAL_503_002,HEAL,2,503,-0.16,Keep,4,activelayer,2,HEAL,503,2,1,24
5094,5094,HEAL_503_003,HEAL,3,503,-0.16,Keep,5,activelayer,2,HEAL,503,3,1,24
5095,5095,HEAL_503_004,HEAL,4,503,-0.16,Keep,4,activelayer,2,HEAL,503,4,1,24
5096,5096,HEAL_503_005,HEAL,5,503,-0.16,Keep,4,activelayer,2,HEAL,503,5,1,24
5097,5097,HEAL_504_001,HEAL,1,504,-0.27,Keep,4,activelayer,2,HEAL,504,1,1,24
5098,5098,HEAL_504_002,HEAL,2,504,-0.26,Keep,0,activelayer,2,HEAL,504,2,1,24
5099,5099,HEAL_504_003,HEAL,3,504,-0.26,Keep,4,activelayer,2,HEAL,504,3,1,24
5100,5100,HEAL_504_004,HEAL,4,504,-0.26,Keep,4,activelayer,2,HEAL,504,4,1,24
5101,5101,HEAL_504_005,HEAL,5,504,-0.26,Keep,5,activelayer,2,HEAL,504,5,1,24
5102,5102,HEAL_505_001,HEAL,1,505,-0.37,Keep,2,activelayer,2,HEAL,505,1,1,24
5103,5103,HEAL_505_002,HEAL,2,505,-0.36,Exclude,NA,activelayer,2,HEAL,505,2,1,24
5104,5104,HEAL_505_003,HEAL,3,505,-0.36,Keep,0,activelayer,2,HEAL,505,3,1,24
5105,5105,HEAL_505_004,HEAL,4,505,-0.36,Keep,3,activelayer,2,HEAL,505,4,1,24
5106,5106,HEAL_505_005,HEAL,5,505,-0.36,Keep,2,activelayer,2,HEAL,505,5,1,24
5107,5107,HEAL_506_001,HEAL,1,506,-0.47,Keep,0,activelayer,2,HEAL,506,1,1,24
5108,5108,HEAL_506_002,HEAL,2,506,-0.46,Keep,0,activelayer,2,HEAL,506,2,1,24
5109,5109,HEAL_506_003,HEAL,3,506,-0.46,Keep,0,activelayer,2,HEAL,506,3,1,24
5110,5110,HEAL_506_004,HEAL,4,506,-0.46,Exclude,NA,activelayer,2,HEAL,506,4,1,24
5111,5111,HEAL_506_005,HEAL,5,506,-0.46,Keep,0,activelayer,2,HEAL,506,5,1,24
5112,5112,HEAL_507_001,HEAL,1,507,-0.67,Exclude,NA,activelayer,2,HEAL,507,1,1,24
5113,5113,HEAL_507_002,HEAL,2,507,-0.66,Keep,0,activelayer,2,HEAL,507,2,1,24
5114,5114,HEAL_507_003,HEAL,3,507,-0.66,Keep,0,activelayer,2,HEAL,507,3,1,24
5115,5115,HEAL_507_004,HEAL,4,507,-0.66,Keep,0,activelayer,2,HEAL,507,4,1,24
5116,5116,HEAL_507_005,HEAL,5,507,-0.66,Keep,0,activelayer,2,HEAL,507,5,1,24
5117,5117,HEAL_508_001,HEAL,1,508,-0.97,Exclude,NA,activelayer,2,HEAL,508,1,1,24
5118,5118,HEAL_508_002,HEAL,2,508,-0.96,Keep,0,activelayer,2,HEAL,508,2,1,24
5119,5119,HEAL_508_003,HEAL,3,508,-0.96,Keep,0,activelayer,2,HEAL,508,3,1,24
5120,5120,HEAL_508_004,HEAL,4,508,-0.96,Keep,0,activelayer,2,HEAL,508,4,1,24
5121,5121,HEAL_508_005,HEAL,5,508,-0.96,Keep,0,activelayer,2,HEAL,508,5,1,24
5122,5122,HEAL_509_001,HEAL,1,509,-1.57,Keep,0,activelayer,2,HEAL,509,1,1,24
5123,5123,HEAL_509_002,HEAL,2,509,-1.36,Keep,0,activelayer,2,HEAL,509,2,1,24
5124,5124,HEAL_509_003,HEAL,3,509,-1.26,Keep,0,activelayer,2,HEAL,509,3,1,24
5125,5125,HEAL_509_004,HEAL,4,509,-1.66,Keep,0,activelayer,2,HEAL,509,4,1,24
5126,5126,HEAL_509_005,HEAL,5,509,-1.26,Keep,0,activelayer,2,HEAL,509,5,1,24
5127,5127,TOOL_501_001,TOOL,1,501,-0.02,Keep,0,activelayer,2,TOOL,501,1,1,24
5128,5128,TOOL_501_002,TOOL,2,501,-0.02,Keep,0,activelayer,2,TOOL,501,2,1,24
5129,5129,TOOL_501_003,TOOL,3,501,-0.02,Keep,2,activelayer,2,TOOL,501,3,1,24
5130,5130,TOOL_501_004,TOOL,4,501,-0.02,Keep,0,activelayer,2,TOOL,501,4,1,24
5131,5131,TOOL_501_005,TOOL,5,501,-0.02,Keep,0,activelayer,2,TOOL,501,5,1,24
5132,5132,TOOL_502_001,TOOL,1,502,-0.06,Keep,0,activelayer,2,TOOL,502,1,1,24
5133,5133,TOOL_502_002,TOOL,2,502,-0.06,Keep,0,activelayer,2,TOOL,502,2,1,24
5134,5134,TOOL_502_003,TOOL,3,502,-0.06,Keep,0,activelayer,2,TOOL,502,3,1,24
5135,5135,TOOL_502_004,TOOL,4,502,-0.06,Keep,1,activelayer,2,TOOL,502,4,1,24
5136,5136,TOOL_502_005,TOOL,5,502,-0.06,Keep,0,activelayer,2,TOOL,502,5,1,24
5137,5137,TOOL_503_001,TOOL,1,503,-0.16,Keep,0,activelayer,2,TOOL,503,1,1,24
5138,5138,TOOL_503_002,TOOL,2,503,-0.16,Keep,0,activelayer,2,TOOL,503,2,1,24
5139,5139,TOOL_503_003,TOOL,3,503,-0.16,Keep,0,activelayer,2,TOOL,503,3,1,24
5140,5140,TOOL_503_004,TOOL,4,503,-0.16,Keep,0,activelayer,2,TOOL,503,4,1,24
5141,5141,TOOL_504_002,TOOL,2,504,-0.26,Keep,0,activelayer,2,TOOL,504,2,1,24
5142,5142,TOOL_504_003,TOOL,3,504,-0.26,Exclude,NA,activelayer,2,TOOL,504,3,1,24
5143,5143,TOOL_504_004,TOOL,4,504,-0.26,Keep,0,activelayer,2,TOOL,504,4,1,24
5144,5144,TOOL_505_002,TOOL,2,505,-0.36,Keep,0,activelayer,2,TOOL,505,2,1,24
5145,5145,TOOL_505_003,TOOL,3,505,-0.36,Keep,0,activelayer,2,TOOL,505,3,1,24
5146,5146,TOOL_505_004,TOOL,4,505,-0.36,Keep,0,activelayer,2,TOOL,505,4,1,24
5147,5147,TOOL_506_002,TOOL,2,506,-0.46,Keep,0,activelayer,2,TOOL,506,2,1,24
5148,5148,TOOL_506_003,TOOL,3,506,-0.46,Keep,0,activelayer,2,TOOL,506,3,1,24
5149,5149,TOOL_506_004,TOOL,4,506,-0.46,Keep,0,activelayer,2,TOOL,506,4,1,24
5150,5150,TOOL_507_002,TOOL,2,507,-0.56,Keep,0,activelayer,2,TOOL,507,2,1,24
5151,5151,TOOL_507_003,TOOL,3,507,-0.56,Keep,0,activelayer,2,TOOL,507,3,1,24
5152,5152,TOOL_507_004,TOOL,4,507,-0.56,Keep,0,activelayer,2,TOOL,507,4,1,24
6602,6602,BARR_501_001,BARR,1,501,-0.02,Keep,1,activelayer,2,BARR,501,1,1.5,24
6603,6603,BARR_501_002,BARR,2,501,-0.02,Keep,1,activelayer,2,BARR,501,2,1.5,24
6604,6604,BARR_501_003,BARR,3,501,-0.01,Keep,1,activelayer,2,BARR,501,3,1.5,24
6605,6605,BARR_501_004,BARR,4,501,-0.02,Exclude,NA,activelayer,2,BARR,501,4,1.5,24
6606,6606,BARR_501_005,BARR,5,501,-0.02,Keep,1,activelayer,2,BARR,501,5,1.5,24
6607,6607,BARR_502_001,BARR,1,502,-0.06,Keep,0,activelayer,2,BARR,502,1,1.5,24
6608,6608,BARR_502_002,BARR,2,502,-0.06,Keep,1,activelayer,2,BARR,502,2,1.5,24
6609,6609,BARR_502_003,BARR,3,502,-0.05,Keep,0,activelayer,2,BARR,502,3,1.5,24
6610,6610,BARR_502_004,BARR,4,502,-0.06,Keep,0,activelayer,2,BARR,502,4,1.5,24
6611,6611,BARR_502_005,BARR,5,502,-0.06,Keep,1,activelayer,2,BARR,502,5,1.5,24
6612,6612,BARR_503_001,BARR,1,503,-0.16,Exclude,NA,activelayer,2,BARR,503,1,1.5,24
6613,6613,BARR_503_002,BARR,2,503,-0.16,Exclude,NA,activelayer,2,BARR,503,2,1.5,24
6614,6614,BARR_503_003,BARR,3,503,-0.15,Keep,0,activelayer,2,BARR,503,3,1.5,24
6615,6615,BARR_503_004,BARR,4,503,-0.16,Keep,0,activelayer,2,BARR,503,4,1.5,24
6616,6616,BARR_503_005,BARR,5,503,-0.16,Keep,1,activelayer,2,BARR,503,5,1.5,24
6617,6617,BARR_504_001,BARR,1,504,-0.26,Keep,0,activelayer,2,BARR,504,1,1.5,24
6618,6618,BARR_504_002,BARR,2,504,-0.26,Exclude,NA,activelayer,2,BARR,504,2,1.5,24
6619,6619,BARR_504_003,BARR,3,504,-0.25,Keep,0,activelayer,2,BARR,504,3,1.5,24
6620,6620,BARR_504_004,BARR,4,504,-0.26,Keep,0,activelayer,2,BARR,504,4,1.5,24
6621,6621,BARR_504_005,BARR,5,504,-0.26,Keep,0,activelayer,2,BARR,504,5,1.5,24
6622,6622,BARR_505_001,BARR,1,505,-0.36,Keep,0,activelayer,2,BARR,505,1,1.5,24
6623,6623,BARR_505_002,BARR,2,505,-0.36,Exclude,NA,activelayer,2,BARR,505,2,1.5,24
6624,6624,BARR_505_003,BARR,3,505,-0.35,Keep,0,activelayer,2,BARR,505,3,1.5,24
6625,6625,BARR_505_004,BARR,4,505,-0.36,Keep,0,activelayer,2,BARR,505,4,1.5,24
6626,6626,BARR_505_005,BARR,5,505,-0.36,Keep,0,activelayer,2,BARR,505,5,1.5,24
6627,6627,BARR_506_001,BARR,1,506,-0.56,Keep,0,activelayer,2,BARR,506,1,1.5,24
6628,6628,BARR_506_002,BARR,2,506,-0.56,Keep,0,activelayer,2,BARR,506,2,1.5,24
6629,6629,BARR_506_003,BARR,3,506,-0.55,Keep,0,activelayer,2,BARR,506,3,1.5,24
6630,6630,BARR_506_004,BARR,4,506,-0.56,Keep,0,activelayer,2,BARR,506,4,1.5,24
6631,6631,BARR_506_005,BARR,5,506,-0.56,Exclude,NA,activelayer,2,BARR,506,5,1.5,24
6632,6632,BARR_507_001,BARR,1,507,-0.86,Keep,0,activelayer,2,BARR,507,1,1.5,24
6633,6633,BARR_507_002,BARR,2,507,-0.86,Keep,0,activelayer,2,BARR,507,2,1.5,24
6634,6634,BARR_507_003,BARR,3,507,-0.85,Keep,0,activelayer,2,BARR,507,3,1.5,24
6635,6635,BARR_507_004,BARR,4,507,-0.86,Keep,0,activelayer,2,BARR,507,4,1.5,24
6636,6636,BARR_507_005,BARR,5,507,-0.86,Keep,0,activelayer,2,BARR,507,5,1.5,24
6637,6637,BARR_508_001,BARR,1,508,-1.36,Keep,0,activelayer,2,BARR,508,1,1.5,24
6638,6638,BARR_508_002,BARR,2,508,-1.36,Keep,0,activelayer,2,BARR,508,2,1.5,24
6639,6639,BARR_508_003,BARR,3,508,-1.35,Keep,0,activelayer,2,BARR,508,3,1.5,24
6640,6640,BARR_508_004,BARR,4,508,-1.36,Keep,0,activelayer,2,BARR,508,4,1.5,24
6641,6641,BARR_508_005,BARR,5,508,-1.36,Keep,0,activelayer,2,BARR,508,5,1.5,24
6642,6642,BARR_509_001,BARR,1,509,-1.76,Keep,0,activelayer,2,BARR,509,1,1.5,24
6643,6643,BARR_509_002,BARR,2,509,-2.26,Keep,0,activelayer,2,BARR,509,2,1.5,24
6644,6644,BARR_509_003,BARR,3,509,-1.75,Keep,0,activelayer,2,BARR,509,3,1.5,24
6645,6645,BARR_509_004,BARR,4,509,-1.96,Keep,0,activelayer,2,BARR,509,4,1.5,24
6646,6646,BARR_509_005,BARR,5,509,-1.86,Keep,0,activelayer,2,BARR,509,5,1.5,24
6647,6647,BONA_501_001,BONA,1,501,-0.02,Keep,4,activelayer,2,BONA,501,1,1.5,24
6648,6648,BONA_501_002,BONA,2,501,-0.01,Keep,3,activelayer,2,BONA,501,2,1.5,24
6649,6649,BONA_501_003,BONA,3,501,-0.02,Keep,4,activelayer,2,BONA,501,3,1.5,24
6650,6650,BONA_501_004,BONA,4,501,-0.02,Keep,2,activelayer,2,BONA,501,4,1.5,24
6651,6651,BONA_501_005,BONA,5,501,-0.03,Keep,2,activelayer,2,BONA,501,5,1.5,24
6652,6652,BONA_502_001,BONA,1,502,-0.06,Keep,4,activelayer,2,BONA,502,1,1.5,24
6653,6653,BONA_502_002,BONA,2,502,-0.05,Keep,2,activelayer,2,BONA,502,2,1.5,24
6654,6654,BONA_502_003,BONA,3,502,-0.06,Keep,4,activelayer,2,BONA,502,3,1.5,24
6655,6655,BONA_502_004,BONA,4,502,-0.06,Keep,2,activelayer,2,BONA,502,4,1.5,24
6656,6656,BONA_502_005,BONA,5,502,-0.07,Keep,2,activelayer,2,BONA,502,5,1.5,24
6657,6657,BONA_503_001,BONA,1,503,-0.16,Keep,2,activelayer,2,BONA,503,1,1.5,24
6658,6658,BONA_503_002,BONA,2,503,-0.15,Keep,2,activelayer,2,BONA,503,2,1.5,24
6659,6659,BONA_503_003,BONA,3,503,-0.16,Keep,2,activelayer,2,BONA,503,3,1.5,24
6660,6660,BONA_503_004,BONA,4,503,-0.16,Keep,1,activelayer,2,BONA,503,4,1.5,24
6661,6661,BONA_503_005,BONA,5,503,-0.17,Keep,2,activelayer,2,BONA,503,5,1.5,24
6662,6662,BONA_504_001,BONA,1,504,-0.26,Keep,1,activelayer,2,BONA,504,1,1.5,24
6663,6663,BONA_504_002,BONA,2,504,-0.25,Keep,0,activelayer,2,BONA,504,2,1.5,24
6664,6664,BONA_504_003,BONA,3,504,-0.26,Keep,0,activelayer,2,BONA,504,3,1.5,24
6665,6665,BONA_504_004,BONA,4,504,-0.26,Keep,0,activelayer,2,BONA,504,4,1.5,24
6666,6666,BONA_504_005,BONA,5,504,-0.27,Exclude,NA,activelayer,2,BONA,504,5,1.5,24
6667,6667,BONA_505_001,BONA,1,505,-0.46,Keep,0,activelayer,2,BONA,505,1,1.5,24
6668,6668,BONA_505_002,BONA,2,505,-0.45,Keep,0,activelayer,2,BONA,505,2,1.5,24
6669,6669,BONA_505_003,BONA,3,505,-0.46,Keep,0,activelayer,2,BONA,505,3,1.5,24
6670,6670,BONA_505_004,BONA,4,505,-0.46,Keep,0,activelayer,2,BONA,505,4,1.5,24
6671,6671,BONA_505_005,BONA,5,505,-0.47,Keep,0,activelayer,2,BONA,505,5,1.5,24
6672,6672,BONA_506_001,BONA,1,506,-0.76,Keep,0,activelayer,2,BONA,506,1,1.5,24
6673,6673,BONA_506_002,BONA,2,506,-0.75,Keep,0,activelayer,2,BONA,506,2,1.5,24
6674,6674,BONA_506_003,BONA,3,506,-0.76,Keep,0,activelayer,2,BONA,506,3,1.5,24
6675,6675,BONA_506_004,BONA,4,506,-0.76,Keep,0,activelayer,2,BONA,506,4,1.5,24
6676,6676,BONA_506_005,BONA,5,506,-0.77,Keep,0,activelayer,2,BONA,506,5,1.5,24
6677,6677,BONA_507_001,BONA,1,507,-1.06,Keep,0,activelayer,2,BONA,507,1,1.5,24
6678,6678,BONA_507_002,BONA,2,507,-1.05,Keep,0,activelayer,2,BONA,507,2,1.5,24
6679,6679,BONA_507_003,BONA,3,507,-1.06,Keep,0,activelayer,2,BONA,507,3,1.5,24
6680,6680,BONA_507_004,BONA,4,507,-1.06,Keep,0,activelayer,2,BONA,507,4,1.5,24
6681,6681,BONA_507_005,BONA,5,507,-1.07,Keep,0,activelayer,2,BONA,507,5,1.5,24
6682,6682,BONA_508_001,BONA,1,508,-1.56,Keep,0,activelayer,2,BONA,508,1,1.5,24
6683,6683,BONA_508_002,BONA,2,508,-1.55,Keep,0,activelayer,2,BONA,508,2,1.5,24
6684,6684,BONA_508_003,BONA,3,508,-1.56,Keep,0,activelayer,2,BONA,508,3,1.5,24
6685,6685,BONA_508_004,BONA,4,508,-1.56,Keep,0,activelayer,2,BONA,508,4,1.5,24
6686,6686,BONA_508_005,BONA,5,508,-1.57,Keep,0,activelayer,2,BONA,508,5,1.5,24
6687,6687,BONA_509_001,BONA,1,509,-1.86,Keep,0,activelayer,2,BONA,509,1,1.5,24
6688,6688,BONA_509_002,BONA,2,509,-1.85,Keep,0,activelayer,2,BONA,509,2,1.5,24
6689,6689,BONA_509_003,BONA,3,509,-1.86,Keep,0,activelayer,2,BONA,509,3,1.5,24
6690,6690,BONA_509_004,BONA,4,509,-1.96,Keep,0,activelayer,2,BONA,509,4,1.5,24
6691,6691,BONA_509_005,BONA,5,509,-2.07,Keep,0,activelayer,2,BONA,509,5,1.5,24
6692,6692,HEAL_501_001,HEAL,1,501,-0.03,Keep,5,activelayer,2,HEAL,501,1,1.5,24
6693,6693,HEAL_501_002,HEAL,2,501,-0.02,Keep,5,activelayer,2,HEAL,501,2,1.5,24
6694,6694,HEAL_501_003,HEAL,3,501,-0.02,Exclude,NA,activelayer,2,HEAL,501,3,1.5,24
6695,6695,HEAL_501_004,HEAL,4,501,-0.02,Keep,5,activelayer,2,HEAL,501,4,1.5,24
6696,6696,HEAL_501_005,HEAL,5,501,-0.02,Keep,5,activelayer,2,HEAL,501,5,1.5,24
6697,6697,HEAL_502_001,HEAL,1,502,-0.07,Keep,4,activelayer,2,HEAL,502,1,1.5,24
6698,6698,HEAL_502_002,HEAL,2,502,-0.06,Keep,5,activelayer,2,HEAL,502,2,1.5,24
6699,6699,HEAL_502_003,HEAL,3,502,-0.06,Keep,4,activelayer,2,HEAL,502,3,1.5,24
6700,6700,HEAL_502_004,HEAL,4,502,-0.06,Keep,4,activelayer,2,HEAL,502,4,1.5,24
6701,6701,HEAL_502_005,HEAL,5,502,-0.06,Keep,4,activelayer,2,HEAL,502,5,1.5,24
6702,6702,HEAL_503_001,HEAL,1,503,-0.17,Keep,4,activelayer,2,HEAL,503,1,1.5,24
6703,6703,HEAL_503_002,HEAL,2,503,-0.16,Keep,3,activelayer,2,HEAL,503,2,1.5,24
6704,6704,HEAL_503_003,HEAL,3,503,-0.16,Keep,4,activelayer,2,HEAL,503,3,1.5,24
6705,6705,HEAL_503_004,HEAL,4,503,-0.16,Keep,4,activelayer,2,HEAL,503,4,1.5,24
6706,6706,HEAL_503_005,HEAL,5,503,-0.16,Keep,4,activelayer,2,HEAL,503,5,1.5,24
6707,6707,HEAL_504_001,HEAL,1,504,-0.27,Keep,3,activelayer,2,HEAL,504,1,1.5,24
6708,6708,HEAL_504_002,HEAL,2,504,-0.26,Keep,0,activelayer,2,HEAL,504,2,1.5,24
6709,6709,HEAL_504_003,HEAL,3,504,-0.26,Keep,3,activelayer,2,HEAL,504,3,1.5,24
6710,6710,HEAL_504_004,HEAL,4,504,-0.26,Keep,3,activelayer,2,HEAL,504,4,1.5,24
6711,6711,HEAL_504_005,HEAL,5,504,-0.26,Keep,4,activelayer,2,HEAL,504,5,1.5,24
6712,6712,HEAL_505_001,HEAL,1,505,-0.37,Keep,0,activelayer,2,HEAL,505,1,1.5,24
6713,6713,HEAL_505_002,HEAL,2,505,-0.36,Exclude,NA,activelayer,2,HEAL,505,2,1.5,24
6714,6714,HEAL_505_003,HEAL,3,505,-0.36,Keep,0,activelayer,2,HEAL,505,3,1.5,24
6715,6715,HEAL_505_004,HEAL,4,505,-0.36,Keep,0,activelayer,2,HEAL,505,4,1.5,24
6716,6716,HEAL_505_005,HEAL,5,505,-0.36,Keep,2,activelayer,2,HEAL,505,5,1.5,24
6717,6717,HEAL_506_001,HEAL,1,506,-0.47,Keep,0,activelayer,2,HEAL,506,1,1.5,24
6718,6718,HEAL_506_002,HEAL,2,506,-0.46,Keep,0,activelayer,2,HEAL,506,2,1.5,24
6719,6719,HEAL_506_003,HEAL,3,506,-0.46,Keep,0,activelayer,2,HEAL,506,3,1.5,24
6720,6720,HEAL_506_004,HEAL,4,506,-0.46,Exclude,NA,activelayer,2,HEAL,506,4,1.5,24
6721,6721,HEAL_506_005,HEAL,5,506,-0.46,Keep,0,activelayer,2,HEAL,506,5,1.5,24
6722,6722,HEAL_507_001,HEAL,1,507,-0.67,Exclude,NA,activelayer,2,HEAL,507,1,1.5,24
6723,6723,HEAL_507_002,HEAL,2,507,-0.66,Keep,0,activelayer,2,HEAL,507,2,1.5,24
6724,6724,HEAL_507_003,HEAL,3,507,-0.66,Keep,0,activelayer,2,HEAL,507,3,1.5,24
6725,6725,HEAL_507_004,HEAL,4,507,-0.66,Keep,0,activelayer,2,HEAL,507,4,1.5,24
6726,6726,HEAL_507_005,HEAL,5,507,-0.66,Keep,0,activelayer,2,HEAL,507,5,1.5,24
6727,6727,HEAL_508_001,HEAL,1,508,-0.97,Exclude,NA,activelayer,2,HEAL,508,1,1.5,24
6728,6728,HEAL_508_002,HEAL,2,508,-0.96,Keep,0,activelayer,2,HEAL,508,2,1.5,24
6729,6729,HEAL_508_003,HEAL,3,508,-0.96,Keep,0,activelayer,2,HEAL,508,3,1.5,24
6730,6730,HEAL_508_004,HEAL,4,508,-0.96,Keep,0,activelayer,2,HEAL,508,4,1.5,24
6731,6731,HEAL_508_005,HEAL,5,508,-0.96,Keep,0,activelayer,2,HEAL,508,5,1.5,24
6732,6732,HEAL_509_001,HEAL,1,509,-1.57,Keep,0,activelayer,2,HEAL,509,1,1.5,24
6733,6733,HEAL_509_002,HEAL,2,509,-1.36,Keep,0,activelayer,2,HEAL,509,2,1.5,24
6734,6734,HEAL_509_003,HEAL,3,509,-1.26,Keep,0,activelayer,2,HEAL,509,3,1.5,24
6735,6735,HEAL_509_004,HEAL,4,509,-1.66,Keep,0,activelayer,2,HEAL,509,4,1.5,24
6736,6736,HEAL_509_005,HEAL,5,509,-1.26,Keep,0,activelayer,2,HEAL,509,5,1.5,24
6737,6737,TOOL_501_001,TOOL,1,501,-0.02,Keep,0,activelayer,2,TOOL,501,1,1.5,24
6738,6738,TOOL_501_002,TOOL,2,501,-0.02,Keep,0,activelayer,2,TOOL,501,2,1.5,24
6739,6739,TOOL_501_003,TOOL,3,501,-0.02,Keep,2,activelayer,2,TOOL,501,3,1.5,24
6740,6740,TOOL_501_004,TOOL,4,501,-0.02,Keep,0,activelayer,2,TOOL,501,4,1.5,24
6741,6741,TOOL_501_005,TOOL,5,501,-0.02,Keep,0,activelayer,2,TOOL,501,5,1.5,24
6742,6742,TOOL_502_001,TOOL,1,502,-0.06,Keep,0,activelayer,2,TOOL,502,1,1.5,24
6743,6743,TOOL_502_002,TOOL,2,502,-0.06,Keep,0,activelayer,2,TOOL,502,2,1.5,24
6744,6744,TOOL_502_003,TOOL,3,502,-0.06,Keep,0,activelayer,2,TOOL,502,3,1.5,24
6745,6745,TOOL_502_004,TOOL,4,502,-0.06,Keep,0,activelayer,2,TOOL,502,4,1.5,24
6746,6746,TOOL_502_005,TOOL,5,502,-0.06,Keep,0,activelayer,2,TOOL,502,5,1.5,24
6747,6747,TOOL_503_001,TOOL,1,503,-0.16,Keep,0,activelayer,2,TOOL,503,1,1.5,24
6748,6748,TOOL_503_002,TOOL,2,503,-0.16,Keep,0,activelayer,2,TOOL,503,2,1.5,24
6749,6749,TOOL_503_003,TOOL,3,503,-0.16,Keep,0,activelayer,2,TOOL,503,3,1.5,24
6750,6750,TOOL_503_004,TOOL,4,503,-0.16,Keep,0,activelayer,2,TOOL,503,4,1.5,24
6751,6751,TOOL_504_002,TOOL,2,504,-0.26,Keep,0,activelayer,2,TOOL,504,2,1.5,24
6752,6752,TOOL_504_003,TOOL,3,504,-0.26,Exclude,NA,activelayer,2,TOOL,504,3,1.5,24
6753,6753,TOOL_504_004,TOOL,4,504,-0.26,Keep,0,activelayer,2,TOOL,504,4,1.5,24
6754,6754,TOOL_505_002,TOOL,2,505,-0.36,Keep,0,activelayer,2,TOOL,505,2,1.5,24
6755,6755,TOOL_505_003,TOOL,3,505,-0.36,Keep,0,activelayer,2,TOOL,505,3,1.5,24
6756,6756,TOOL_505_004,TOOL,4,505,-0.36,Keep,0,activelayer,2,TOOL,505,4,1.5,24
6757,6757,TOOL_506_002,TOOL,2,506,-0.46,Keep,0,activelayer,2,TOOL,506,2,1.5,24
6758,6758,TOOL_506_003,TOOL,3,506,-0.46,Keep,0,activelayer,2,TOOL,506,3,1.5,24
6759,6759,TOOL_506_004,TOOL,4,506,-0.46,Keep,0,activelayer,2,TOOL,506,4,1.5,24
6760,6760,TOOL_507_002,TOOL,2,507,-0.56,Keep,0,activelayer,2,TOOL,507,2,1.5,24
6761,6761,TOOL_507_003,TOOL,3,507,-0.56,Keep,0,activelayer,2,TOOL,507,3,1.5,24
6762,6762,TOOL_507_004,TOOL,4,507,-0.56,Keep,0,activelayer,2,TOOL,507,4,1.5,24
8212,8212,BARR_501_001,BARR,1,501,-0.02,Keep,1,activelayer,2,BARR,501,1,2,24
8213,8213,BARR_501_002,BARR,2,501,-0.02,Keep,1,activelayer,2,BARR,501,2,2,24
8214,8214,BARR_501_003,BARR,3,501,-0.01,Keep,1,activelayer,2,BARR,501,3,2,24
8215,8215,BARR_501_004,BARR,4,501,-0.02,Exclude,NA,activelayer,2,BARR,501,4,2,24
8216,8216,BARR_501_005,BARR,5,501,-0.02,Keep,1,activelayer,2,BARR,501,5,2,24
8217,8217,BARR_502_001,BARR,1,502,-0.06,Keep,0,activelayer,2,BARR,502,1,2,24
8218,8218,BARR_502_002,BARR,2,502,-0.06,Keep,1,activelayer,2,BARR,502,2,2,24
8219,8219,BARR_502_003,BARR,3,502,-0.05,Keep,0,activelayer,2,BARR,502,3,2,24
8220,8220,BARR_502_004,BARR,4,502,-0.06,Keep,0,activelayer,2,BARR,502,4,2,24
8221,8221,BARR_502_005,BARR,5,502,-0.06,Keep,1,activelayer,2,BARR,502,5,2,24
8222,8222,BARR_503_001,BARR,1,503,-0.16,Exclude,NA,activelayer,2,BARR,503,1,2,24
8223,8223,BARR_503_002,BARR,2,503,-0.16,Exclude,NA,activelayer,2,BARR,503,2,2,24
8224,8224,BARR_503_003,BARR,3,503,-0.15,Keep,0,activelayer,2,BARR,503,3,2,24
8225,8225,BARR_503_004,BARR,4,503,-0.16,Keep,0,activelayer,2,BARR,503,4,2,24
8226,8226,BARR_503_005,BARR,5,503,-0.16,Keep,1,activelayer,2,BARR,503,5,2,24
8227,8227,BARR_504_001,BARR,1,504,-0.26,Keep,0,activelayer,2,BARR,504,1,2,24
8228,8228,BARR_504_002,BARR,2,504,-0.26,Exclude,NA,activelayer,2,BARR,504,2,2,24
8229,8229,BARR_504_003,BARR,3,504,-0.25,Keep,0,activelayer,2,BARR,504,3,2,24
8230,8230,BARR_504_004,BARR,4,504,-0.26,Keep,0,activelayer,2,BARR,504,4,2,24
8231,8231,BARR_504_005,BARR,5,504,-0.26,Keep,0,activelayer,2,BARR,504,5,2,24
8232,8232,BARR_505_001,BARR,1,505,-0.36,Keep,0,activelayer,2,BARR,505,1,2,24
8233,8233,BARR_505_002,BARR,2,505,-0.36,Exclude,NA,activelayer,2,BARR,505,2,2,24
8234,8234,BARR_505_003,BARR,3,505,-0.35,Keep,0,activelayer,2,BARR,505,3,2,24
8235,8235,BARR_505_004,BARR,4,505,-0.36,Keep,0,activelayer,2,BARR,505,4,2,24
8236,8236,BARR_505_005,BARR,5,505,-0.36,Keep,0,activelayer,2,BARR,505,5,2,24
8237,8237,BARR_506_001,BARR,1,506,-0.56,Keep,0,activelayer,2,BARR,506,1,2,24
8238,8238,BARR_506_002,BARR,2,506,-0.56,Keep,0,activelayer,2,BARR,506,2,2,24
8239,8239,BARR_506_003,BARR,3,506,-0.55,Keep,0,activelayer,2,BARR,506,3,2,24
8240,8240,BARR_506_004,BARR,4,506,-0.56,Keep,0,activelayer,2,BARR,506,4,2,24
8241,8241,BARR_506_005,BARR,5,506,-0.56,Exclude,NA,activelayer,2,BARR,506,5,2,24
8242,8242,BARR_507_001,BARR,1,507,-0.86,Keep,0,activelayer,2,BARR,507,1,2,24
8243,8243,BARR_507_002,BARR,2,507,-0.86,Keep,0,activelayer,2,BARR,507,2,2,24
8244,8244,BARR_507_003,BARR,3,507,-0.85,Keep,0,activelayer,2,BARR,507,3,2,24
8245,8245,BARR_507_004,BARR,4,507,-0.86,Keep,0,activelayer,2,BARR,507,4,2,24
8246,8246,BARR_507_005,BARR,5,507,-0.86,Keep,0,activelayer,2,BARR,507,5,2,24
8247,8247,BARR_508_001,BARR,1,508,-1.36,Keep,0,activelayer,2,BARR,508,1,2,24
8248,8248,BARR_508_002,BARR,2,508,-1.36,Keep,0,activelayer,2,BARR,508,2,2,24
8249,8249,BARR_508_003,BARR,3,508,-1.35,Keep,0,activelayer,2,BARR,508,3,2,24
8250,8250,BARR_508_004,BARR,4,508,-1.36,Keep,0,activelayer,2,BARR,508,4,2,24
8251,8251,BARR_508_005,BARR,5,508,-1.36,Keep,0,activelayer,2,BARR,508,5,2,24
8252,8252,BARR_509_001,BARR,1,509,-1.76,Keep,0,activelayer,2,BARR,509,1,2,24
8253,8253,BARR_509_002,BARR,2,509,-2.26,Keep,0,activelayer,2,BARR,509,2,2,24
8254,8254,BARR_509_003,BARR,3,509,-1.75,Keep,0,activelayer,2,BARR,509,3,2,24
8255,8255,BARR_509_004,BARR,4,509,-1.96,Keep,0,activelayer,2,BARR,509,4,2,24
8256,8256,BARR_509_005,BARR,5,509,-1.86,Keep,0,activelayer,2,BARR,509,5,2,24
8257,8257,BONA_501_001,BONA,1,501,-0.02,Keep,4,activelayer,2,BONA,501,1,2,24
8258,8258,BONA_501_002,BONA,2,501,-0.01,Keep,3,activelayer,2,BONA,501,2,2,24
8259,8259,BONA_501_003,BONA,3,501,-0.02,Keep,4,activelayer,2,BONA,501,3,2,24
8260,8260,BONA_501_004,BONA,4,501,-0.02,Keep,2,activelayer,2,BONA,501,4,2,24
8261,8261,BONA_501_005,BONA,5,501,-0.03,Keep,2,activelayer,2,BONA,501,5,2,24
8262,8262,BONA_502_001,BONA,1,502,-0.06,Keep,4,activelayer,2,BONA,502,1,2,24
8263,8263,BONA_502_002,BONA,2,502,-0.05,Keep,2,activelayer,2,BONA,502,2,2,24
8264,8264,BONA_502_003,BONA,3,502,-0.06,Keep,4,activelayer,2,BONA,502,3,2,24
8265,8265,BONA_502_004,BONA,4,502,-0.06,Keep,2,activelayer,2,BONA,502,4,2,24
8266,8266,BONA_502_005,BONA,5,502,-0.07,Keep,2,activelayer,2,BONA,502,5,2,24
8267,8267,BONA_503_001,BONA,1,503,-0.16,Keep,2,activelayer,2,BONA,503,1,2,24
8268,8268,BONA_503_002,BONA,2,503,-0.15,Keep,2,activelayer,2,BONA,503,2,2,24
8269,8269,BONA_503_003,BONA,3,503,-0.16,Keep,2,activelayer,2,BONA,503,3,2,24
8270,8270,BONA_503_004,BONA,4,503,-0.16,Keep,1,activelayer,2,BONA,503,4,2,24
8271,8271,BONA_503_005,BONA,5,503,-0.17,Keep,2,activelayer,2,BONA,503,5,2,24
8272,8272,BONA_504_001,BONA,1,504,-0.26,Keep,1,activelayer,2,BONA,504,1,2,24
8273,8273,BONA_504_002,BONA,2,504,-0.25,Keep,0,activelayer,2,BONA,504,2,2,24
8274,8274,BONA_504_003,BONA,3,504,-0.26,Keep,0,activelayer,2,BONA,504,3,2,24
8275,8275,BONA_504_004,BONA,4,504,-0.26,Keep,0,activelayer,2,BONA,504,4,2,24
8276,8276,BONA_504_005,BONA,5,504,-0.27,Exclude,NA,activelayer,2,BONA,504,5,2,24
8277,8277,BONA_505_001,BONA,1,505,-0.46,Keep,0,activelayer,2,BONA,505,1,2,24
8278,8278,BONA_505_002,BONA,2,505,-0.45,Keep,0,activelayer,2,BONA,505,2,2,24
8279,8279,BONA_505_003,BONA,3,505,-0.46,Keep,0,activelayer,2,BONA,505,3,2,24
8280,8280,BONA_505_004,BONA,4,505,-0.46,Keep,0,activelayer,2,BONA,505,4,2,24
8281,8281,BONA_505_005,BONA,5,505,-0.47,Keep,0,activelayer,2,BONA,505,5,2,24
8282,8282,BONA_506_001,BONA,1,506,-0.76,Keep,0,activelayer,2,BONA,506,1,2,24
8283,8283,BONA_506_002,BONA,2,506,-0.75,Keep,0,activelayer,2,BONA,506,2,2,24
8284,8284,BONA_506_003,BONA,3,506,-0.76,Keep,0,activelayer,2,BONA,506,3,2,24
8285,8285,BONA_506_004,BONA,4,506,-0.76,Keep,0,activelayer,2,BONA,506,4,2,24
8286,8286,BONA_506_005,BONA,5,506,-0.77,Keep,0,activelayer,2,BONA,506,5,2,24
8287,8287,BONA_507_001,BONA,1,507,-1.06,Keep,0,activelayer,2,BONA,507,1,2,24
8288,8288,BONA_507_002,BONA,2,507,-1.05,Keep,0,activelayer,2,BONA,507,2,2,24
8289,8289,BONA_507_003,BONA,3,507,-1.06,Keep,0,activelayer,2,BONA,507,3,2,24
8290,8290,BONA_507_004,BONA,4,507,-1.06,Keep,0,activelayer,2,BONA,507,4,2,24
8291,8291,BONA_507_005,BONA,5,507,-1.07,Keep,0,activelayer,2,BONA,507,5,2,24
8292,8292,BONA_508_001,BONA,1,508,-1.56,Keep,0,activelayer,2,BONA,508,1,2,24
8293,8293,BONA_508_002,BONA,2,508,-1.55,Keep,0,activelayer,2,BONA,508,2,2,24
8294,8294,BONA_508_003,BONA,3,508,-1.56,Keep,0,activelayer,2,BONA,508,3,2,24
8295,8295,BONA_508_004,BONA,4,508,-1.56,Keep,0,activelayer,2,BONA,508,4,2,24
8296,8296,BONA_508_005,BONA,5,508,-1.57,Keep,0,activelayer,2,BONA,508,5,2,24
8297,8297,BONA_509_001,BONA,1,509,-1.86,Keep,0,activelayer,2,BONA,509,1,2,24
8298,8298,BONA_509_002,BONA,2,509,-1.85,Keep,0,activelayer,2,BONA,509,2,2,24
8299,8299,BONA_509_003,BONA,3,509,-1.86,Keep,0,activelayer,2,BONA,509,3,2,24
8300,8300,BONA_509_004,BONA,4,509,-1.96,Keep,0,activelayer,2,BONA,509,4,2,24
8301,8301,BONA_509_005,BONA,5,509,-2.07,Keep,0,activelayer,2,BONA,509,5,2,24
8302,8302,HEAL_501_001,HEAL,1,501,-0.03,Keep,5,activelayer,2,HEAL,501,1,2,24
8303,8303,HEAL_501_002,HEAL,2,501,-0.02,Keep,5,activelayer,2,HEAL,501,2,2,24
8304,8304,HEAL_501_003,HEAL,3,501,-0.02,Exclude,NA,activelayer,2,HEAL,501,3,2,24
8305,8305,HEAL_501_004,HEAL,4,501,-0.02,Keep,5,activelayer,2,HEAL,501,4,2,24
8306,8306,HEAL_501_005,HEAL,5,501,-0.02,Keep,5,activelayer,2,HEAL,501,5,2,24
8307,8307,HEAL_502_001,HEAL,1,502,-0.07,Keep,4,activelayer,2,HEAL,502,1,2,24
8308,8308,HEAL_502_002,HEAL,2,502,-0.06,Keep,5,activelayer,2,HEAL,502,2,2,24
8309,8309,HEAL_502_003,HEAL,3,502,-0.06,Keep,4,activelayer,2,HEAL,502,3,2,24
8310,8310,HEAL_502_004,HEAL,4,502,-0.06,Keep,4,activelayer,2,HEAL,502,4,2,24
8311,8311,HEAL_502_005,HEAL,5,502,-0.06,Keep,4,activelayer,2,HEAL,502,5,2,24
8312,8312,HEAL_503_001,HEAL,1,503,-0.17,Keep,4,activelayer,2,HEAL,503,1,2,24
8313,8313,HEAL_503_002,HEAL,2,503,-0.16,Keep,3,activelayer,2,HEAL,503,2,2,24
8314,8314,HEAL_503_003,HEAL,3,503,-0.16,Keep,4,activelayer,2,HEAL,503,3,2,24
8315,8315,HEAL_503_004,HEAL,4,503,-0.16,Keep,4,activelayer,2,HEAL,503,4,2,24
8316,8316,HEAL_503_005,HEAL,5,503,-0.16,Keep,4,activelayer,2,HEAL,503,5,2,24
8317,8317,HEAL_504_001,HEAL,1,504,-0.27,Keep,3,activelayer,2,HEAL,504,1,2,24
8318,8318,HEAL_504_002,HEAL,2,504,-0.26,Keep,0,activelayer,2,HEAL,504,2,2,24
8319,8319,HEAL_504_003,HEAL,3,504,-0.26,Keep,3,activelayer,2,HEAL,504,3,2,24
8320,8320,HEAL_504_004,HEAL,4,504,-0.26,Keep,3,activelayer,2,HEAL,504,4,2,24
8321,8321,HEAL_504_005,HEAL,5,504,-0.26,Keep,4,activelayer,2,HEAL,504,5,2,24
8322,8322,HEAL_505_001,HEAL,1,505,-0.37,Keep,0,activelayer,2,HEAL,505,1,2,24
8323,8323,HEAL_505_002,HEAL,2,505,-0.36,Exclude,NA,activelayer,2,HEAL,505,2,2,24
8324,8324,HEAL_505_003,HEAL,3,505,-0.36,Keep,0,activelayer,2,HEAL,505,3,2,24
8325,8325,HEAL_505_004,HEAL,4,505,-0.36,Keep,0,activelayer,2,HEAL,505,4,2,24
8326,8326,HEAL_505_005,HEAL,5,505,-0.36,Keep,2,activelayer,2,HEAL,505,5,2,24
8327,8327,HEAL_506_001,HEAL,1,506,-0.47,Keep,0,activelayer,2,HEAL,506,1,2,24
8328,8328,HEAL_506_002,HEAL,2,506,-0.46,Keep,0,activelayer,2,HEAL,506,2,2,24
8329,8329,HEAL_506_003,HEAL,3,506,-0.46,Keep,0,activelayer,2,HEAL,506,3,2,24
8330,8330,HEAL_506_004,HEAL,4,506,-0.46,Exclude,NA,activelayer,2,HEAL,506,4,2,24
8331,8331,HEAL_506_005,HEAL,5,506,-0.46,Keep,0,activelayer,2,HEAL,506,5,2,24
8332,8332,HEAL_507_001,HEAL,1,507,-0.67,Exclude,NA,activelayer,2,HEAL,507,1,2,24
8333,8333,HEAL_507_002,HEAL,2,507,-0.66,Keep,0,activelayer,2,HEAL,507,2,2,24
8334,8334,HEAL_507_003,HEAL,3,507,-0.66,Keep,0,activelayer,2,HEAL,507,3,2,24
8335,8335,HEAL_507_004,HEAL,4,507,-0.66,Keep,0,activelayer,2,HEAL,507,4,2,24
8336,8336,HEAL_507_005,HEAL,5,507,-0.66,Keep,0,activelayer,2,HEAL,507,5,2,24
8337,8337,HEAL_508_001,HEAL,1,508,-0.97,Exclude,NA,activelayer,2,HEAL,508,1,2,24
8338,8338,HEAL_508_002,HEAL,2,508,-0.96,Keep,0,activelayer,2,HEAL,508,2,2,24
8339,8339,HEAL_508_003,HEAL,3,508,-0.96,Keep,0,activelayer,2,HEAL,508,3,2,24
8340,8340,HEAL_508_004,HEAL,4,508,-0.96,Keep,0,activelayer,2,HEAL,508,4,2,24
8341,8341,HEAL_508_005,HEAL,5,508,-0.96,Keep,0,activelayer,2,HEAL,508,5,2,24
8342,8342,HEAL_509_001,HEAL,1,509,-1.57,Keep,0,activelayer,2,HEAL,509,1,2,24
8343,8343,HEAL_509_002,HEAL,2,509,-1.36,Keep,0,activelayer,2,HEAL,509,2,2,24
8344,8344,HEAL_509_003,HEAL,3,509,-1.26,Keep,0,activelayer,2,HEAL,509,3,2,24
8345,8345,HEAL_509_004,HEAL,4,509,-1.66,Keep,0,activelayer,2,HEAL,509,4,2,24
8346,8346,HEAL_509_005,HEAL,5,509,-1.26,Keep,0,activelayer,2,HEAL,509,5,2,24
8347,8347,TOOL_501_001,TOOL,1,501,-0.02,Keep,0,activelayer,2,TOOL,501,1,2,24
8348,8348,TOOL_501_002,TOOL,2,501,-0.02,Keep,0,activelayer,2,TOOL,501,2,2,24
8349,8349,TOOL_501_003,TOOL,3,501,-0.02,Keep,2,activelayer,2,TOOL,501,3,2,24
8350,8350,TOOL_501_004,TOOL,4,501,-0.02,Keep,0,activelayer,2,TOOL,501,4,2,24
8351,8351,TOOL_501_005,TOOL,5,501,-0.02,Keep,0,activelayer,2,TOOL,501,5,2,24
8352,8352,TOOL_502_001,TOOL,1,502,-0.06,Keep,0,activelayer,2,TOOL,502,1,2,24
8353,8353,TOOL_502_002,TOOL,2,502,-0.06,Keep,0,activelayer,2,TOOL,502,2,2,24
8354,8354,TOOL_502_003,TOOL,3,502,-0.06,Keep,0,activelayer,2,TOOL,502,3,2,24
8355,8355,TOOL_502_004,TOOL,4,502,-0.06,Keep,0,activelayer,2,TOOL,502,4,2,24
8356,8356,TOOL_502_005,TOOL,5,502,-0.06,Keep,0,activelayer,2,TOOL,502,5,2,24
8357,8357,TOOL_503_001,TOOL,1,503,-0.16,Keep,0,activelayer,2,TOOL,503,1,2,24
8358,8358,TOOL_503_002,TOOL,2,503,-0.16,Keep,0,activelayer,2,TOOL,503,2,2,24
8359,8359,TOOL_503_003,TOOL,3,503,-0.16,Keep,0,activelayer,2,TOOL,503,3,2,24
8360,8360,TOOL_503_004,TOOL,4,503,-0.16,Keep,0,activelayer,2,TOOL,503,4,2,24
8361,8361,TOOL_504_002,TOOL,2,504,-0.26,Keep,0,activelayer,2,TOOL,504,2,2,24
8362,8362,TOOL_504_003,TOOL,3,504,-0.26,Exclude,NA,activelayer,2,TOOL,504,3,2,24
8363,8363,TOOL_504_004,TOOL,4,504,-0.26,Keep,0,activelayer,2,TOOL,504,4,2,24
8364,8364,TOOL_505_002,TOOL,2,505,-0.36,Keep,0,activelayer,2,TOOL,505,2,2,24
8365,8365,TOOL_505_003,TOOL,3,505,-0.36,Keep,0,activelayer,2,TOOL,505,3,2,24
8366,8366,TOOL_505_004,TOOL,4,505,-0.36,Keep,0,activelayer,2,TOOL,505,4,2,24
8367,8367,TOOL_506_002,TOOL,2,506,-0.46,Keep,0,activelayer,2,TOOL,506,2,2,24
8368,8368,TOOL_506_003,TOOL,3,506,-0.46,Keep,0,activelayer,2,TOOL,506,3,2,24
8369,8369,TOOL_506_004,TOOL,4,506,-0.46,Keep,0,activelayer,2,TOOL,506,4,2,24
8370,8370,TOOL_507_002,TOOL,2,507,-0.56,Keep,0,activelayer,2,TOOL,507,2,2,24
8371,8371,TOOL_507_003,TOOL,3,507,-0.56,Keep,0,activelayer,2,TOOL,507,3,2,24
8372,8372,TOOL_507_004,TOOL,4,507,-0.56,Keep,0,activelayer,2,TOOL,507,4,2,24
