uid,namedLocation,domainID,siteID,plotID,nrcsDescriptionID,collectDate,horizonID,horizonName,analysisStartDate,biogeoIDnrcs,biogeoSampleType,biogeoTopDepth,biogeoBottomDepth,biogeoCenterDepth,airDryOvenDryRatio,gypsumConc,caco3Conc,caNh4d,kNh4d,mgNh4d,naNh4d,cecdNh4,alSatCecd33,baseSumCecd10,bsesatCecd10,ececCecd33,alKcl,feKcl,mnKcl,phCacl2,phH2o,ec12pre,bSatx,brSatx,caSatx,clSatx,co3Satx,ecSatp,flSatx,waterSatx,hco3Sx,kSatx,mgSatx,naSatx,no2Satx,no3Satx,pSatx,phSp,resist,so4Satx,carbonTot,nitrogenTot,ctonRatio,estimatedOC,sulfurTot,alOxalate,feOxalate,mnOxalate,pOxalate,siOxalate,optDensityOxalate,alCitDithionate,feCitDithionate,mnCitDithionate,siliconCitrateDithionate,acidity,waterRetention15Bar,MehlichIIITotP,Bray1PExtractable,OlsenPExtractable,processingRemarks,laboratoryName,dataQF
9f5d11e9-72b5-47fd-aa87-68617c98e8e1,HEAL_045.basePlot.all,D19,HEAL,HEAL_045,S2017AK068045,3/20/2017,18N03025,C/Ajj1,6/22/2018,S2017AK068045-3,bulk,21,32,26.5,1.069,,,1.1,0.1,0.6,0,34.3,77,1.8,5,7.7,5.9,,2.8,3.6,4.4,0.12,,,,,,,,,,,,,,,,,,,268.1,12,22,268,1.2,0.24,0.45,3.2,287.4,0,0.22,0.2,0.5,0,0,64.3,,2.9,,,,USDA NRCS Kellogg Soil Survey Laboratory,
0c2a51b7-ed84-4139-af0c-53aed2db0085,HEAL_046.basePlot.all,D19,HEAL,HEAL_046,S2017AK068046,3/20/2017,18N03029,A/Cjj,6/22/2018,S2017AK068046-2,bulk,12,25,18.5,1.086,,,5.5,0.2,1.4,0,63.3,58,7.1,11,17.1,10,,8.9,3.8,4.4,0.42,,0,0.9,0.2,0,0.22,0.1,230.1,0.3,0.1,0.6,0.3,0,0,0,4.4,,0.3,252.9,11.5,22,253,0.9,0.58,1.86,33.3,1788.6,0.03,1.02,0.4,1.8,0,0.1,100.2,,1.5,,,,USDA NRCS Kellogg Soil Survey Laboratory,
7b61e97e-3026-481f-a1c1-61c9790fcaa4,HEAL_047.basePlot.all,D19,HEAL,HEAL_047,S2017AK068047,3/20/2017,18N03031,Oe,6/22/2018,S2017AK068047-1,bulk,0,17,8.5,1.14,0,,25.1,2.7,11.3,0,86.6,2,39.1,45,40,0.9,,188.2,,,1.25,,,,,,,,,,,,,,,,,,,473.9,17,28,474,1.2,0.13,0.47,274.6,396.4,0,0.3,0.1,0.6,0,0,93.5,,45.7,,,,USDA NRCS Kellogg Soil Survey Laboratory,
4fc3ab61-f3fd-4528-8748-416df7aaee30,HEAL_045.basePlot.all,D19,HEAL,HEAL_045,S2017AK068045,3/20/2017,18N03026,Ajj,6/22/2018,S2017AK068045-4,bulk,32,43,37.5,1.054,,,2.3,0.1,1.4,0,34.6,61,3.8,11,9.8,6,,1,3.5,4.2,0.1,,0,0.5,0.1,0,0.17,0,158.6,0,0.1,0.6,0.4,0,0,0,4.2,,0.2,177.8,6.9,26,178,0.6,0.22,0.69,1.1,177.3,0.01,0.53,0.2,0.8,0,0,48.4,,1.4,,,,USDA NRCS Kellogg Soil Survey Laboratory,
5a2f435a-b291-4e84-898f-ec023317f414,HEAL_045.basePlot.all,D19,HEAL,HEAL_045,S2017AK068045,3/20/2017,18N03024,A,6/22/2018,S2017AK068045-2,bulk,7,21,14,1.092,,,3.5,0.2,2.1,0,50.7,47,5.8,11,11,5.2,,2.6,3.4,4.1,0.42,,,,,,,,,,,,,,,,,,,352.3,14.2,25,352,1.5,0.19,0.52,4.4,375.9,0,0.26,0.2,0.6,0,0,76.3,,4.3,,,,USDA NRCS Kellogg Soil Survey Laboratory,
32d92159-38e0-4d8a-92a4-0032e29fc7bd,HEAL_046.basePlot.all,D19,HEAL,HEAL_046,S2017AK068046,3/20/2017,18N03030,C/Ajj,6/22/2018,S2017AK068046-3,bulk,25,70,47.5,1.036,,,5.5,0.1,1.9,0,26.6,33,7.5,28,11.2,3.7,,28.7,4.1,4.5,0.11,,0,1,0.2,0,0.2,0.2,93.1,0.6,0.1,0.7,0.4,0,0,0,4.8,,0.2,78.5,3.7,21,79,0.3,0.22,0.91,130.4,604.1,0.03,0.3,0.2,1.4,0,0.1,32.7,,2.6,,,,USDA NRCS Kellogg Soil Survey Laboratory,
87368dde-b403-43e4-a998-77a43c7dbcb3,HEAL_046.basePlot.all,D19,HEAL,HEAL_046,S2017AK068046,3/20/2017,18N03028,Oe,6/22/2018,S2017AK068046-1,bulk,0,12,6,1.123,0,,7.2,2.3,3.3,0,62.6,15,12.8,20,15.1,2.3,,441.8,3.4,4.1,1.32,,,,,,,,,,,,,,,,,,,443.8,13.4,33,444,1.1,0.12,0.33,494,612.5,0,0.22,0.1,0.6,0.1,0.1,92.4,,78.9,,,,USDA NRCS Kellogg Soil Survey Laboratory,
b66dec55-e3dc-4b4b-9c4b-d9e217438c3d,HEAL_045.basePlot.all,D19,HEAL,HEAL_045,S2017AK068045,3/20/2017,18N03023,Oi,6/22/2018,S2017AK068045-1,bulk,0,7,3.5,1.148,0,,6.8,2,4.5,0,80.6,19,13.3,17,16.5,3.2,,160,,,1.91,,,,,,,,,,,,,,,,,,,469.4,16.2,29,469,0.9,0.2,1.23,133.1,466.3,0.01,0.83,0.2,1.5,0,0.1,117.1,,,,,,USDA NRCS Kellogg Soil Survey Laboratory,
8d4f4ce5-73a8-4592-aff9-8bfc6c03b50d,HEAL_047.basePlot.all,D19,HEAL,HEAL_047,S2017AK068047,3/20/2017,18N03033,Cf,6/22/2018,S2017AK068047-3,bulk,21,70,45.5,1.023,,,3.2,0.2,1.8,0,16.9,36,5.2,31,8.1,2.9,,4.3,4,4.9,0.09,,0,0.8,0.2,0,0.18,0.1,76.1,1,0.1,0.7,0.4,0,0,0,4.8,,0.1,35.9,1.7,21,36,0.2,0.12,0.81,4.1,166.9,0.02,0.23,0.1,1.1,0,0,21,,0.9,,,,USDA NRCS Kellogg Soil Survey Laboratory,
8e483055-3a41-4b6d-be63-7c296b1b048f,HEAL_047.basePlot.all,D19,HEAL,HEAL_047,S2017AK068047,3/20/2017,18N03032,A,6/22/2018,S2017AK068047-2,bulk,17,21,19,1.066,0,,13.3,0.6,6.4,0.1,48.8,4,20.4,42,21.2,0.8,,16.1,,,1.19,,,,,,,,,,,,,,,,,,,221.9,11.2,20,222,1.1,0.15,1.04,16.9,534.6,0.02,0.47,0.2,1.5,0,0.1,57.4,,3.8,,,,USDA NRCS Kellogg Soil Survey Laboratory,
e59ee868-6958-473c-88ba-9957410c3659,HEAL_045.basePlot.all,D19,HEAL,HEAL_045,S2017AK068045,3/20/2017,18N03027,C/A'jj2,6/22/2018,S2017AK068045-5,bulk,43,80,61.5,1.034,,,4.2,0.1,1.6,0,24.5,37,5.9,24,9.3,3.4,,2.9,4.1,4.9,0.1,,0,0.6,0.1,0,0.15,0.1,158.7,0.1,0.1,0.5,0.3,0,0,0,4.9,,0.2,123.5,4.9,25,124,0.5,0.21,0.67,3.1,201.1,0.01,0.51,0.2,0.7,0,0,30.4,,5.5,,,,USDA NRCS Kellogg Soil Survey Laboratory,
5e5f8efe-c50b-48fa-a303-da8e82f48683,HEAL_018.basePlot.all,D19,HEAL,HEAL_018,S2017AK068018,3/21/2017,18N03002,Cjj,6/21/2018,S2017AK068018-3,bulk,31,60,45.5,1.035,,,5.1,0.2,1.6,0,22.5,26,6.9,31,9.3,2.4,,68.3,4.1,4.8,0.13,,,,,,,,,,,,,,,,,,,71.2,3.5,20,71,0,0.16,1.11,188.3,345.4,0.03,0.31,0.1,1.3,0,0,29.1,,1.6,,,,USDA NRCS Kellogg Soil Survey Laboratory,
bc5715a9-266f-416d-908c-cb6c1d7f0202,HEAL_026.basePlot.all,D19,HEAL,HEAL_026,S2017AK068026,3/21/2017,18N03010,Oi,6/22/2018,S2017AK068026-1,bulk,0,15,7.5,1.152,0,,10.4,2.6,6.4,0.1,89.7,21,19.5,22,24.7,5.2,,134,3.2,3.8,1.33,,,,,,,,,,,,,,,,,,,472.5,15,32,473,0,0.16,0.36,116.7,256.6,0,0.12,0.1,0.5,0,0,119.3,,51.2,,,,USDA NRCS Kellogg Soil Survey Laboratory,
188ab0cc-9940-4c17-bbf7-8206a3897203,HEAL_029.basePlot.all,D19,HEAL,HEAL_029,S2017AK068029,3/21/2017,18N03018,Oi,6/22/2018,S2017AK068029-1,bulk,0,7,3.5,1.142,0,,48.6,3.5,17.1,0.1,102.7,0,69.3,67,69.4,0.1,,265.4,,,2.39,,,,,,,,,,,,,,,,,,,422.7,19.8,21,423,0.8,0.1,0.41,1000.7,356.8,0.01,0.14,0.1,0.6,0.1,0.1,71.4,,100.9,,,,USDA NRCS Kellogg Soil Survey Laboratory,
b95a32e3-b334-4020-9e49-4b2fadc89d76,HEAL_029.basePlot.all,D19,HEAL,HEAL_029,S2017AK068029,3/21/2017,18N03022,C'2,6/22/2018,S2017AK068029-5,bulk,37,60,48.5,1.031,,,9.2,0.1,3.4,0,18,2,12.7,71,12.9,0.2,,24.2,4.9,5.7,0.09,,0,0.9,0.2,0,0.19,0,80.8,1,0,0.7,0.5,0,0.1,0,5.7,,0.2,42.2,2.6,16,42,0,0.19,1.53,648.7,388.6,0.04,0.27,0.2,2,0.1,0.1,19,,1.1,,,,USDA NRCS Kellogg Soil Survey Laboratory,
6e7c2938-9a3e-4237-a89e-da7ff31ff2bb,HEAL_029.basePlot.all,D19,HEAL,HEAL_029,S2017AK068029,3/21/2017,18N03020,C1,6/22/2018,S2017AK068029-3,bulk,14,25,19.5,1.045,,,13.3,0.3,5.6,0,31.3,1,19.2,61,19.4,0.2,,79.7,4.9,5.4,0.24,,0,1.6,0.4,0,0.34,0,138.9,1.2,0.1,1.6,0.4,0,0.6,0,5.4,,0.5,98.1,5.1,19,98,0.3,0.21,1.25,564.4,400,0.03,0.4,0.2,1.6,0.1,0.1,48.4,,2.7,,,,USDA NRCS Kellogg Soil Survey Laboratory,
4ee05a71-7bee-444a-a359-f5c3bc3d4c3c,HEAL_026.basePlot.all,D19,HEAL,HEAL_026,S2017AK068026,3/21/2017,18N03013,C/O2,6/22/2018,S2017AK068026-4,bulk,51,60,55.5,1.047,,,4.8,0.1,1.8,0.1,31.9,41,6.8,21,11.6,4.8,,20.7,4.1,5,0.18,,,,,,,,,,,,,,,,,,,102.2,5.4,19,102,0.2,0.32,1.08,34.5,392.7,0.03,0.47,0.3,1.4,0,0,48.2,,2.6,,,,USDA NRCS Kellogg Soil Survey Laboratory,
c7905299-3294-4cf4-a60b-876b75b1046a,HEAL_018.basePlot.all,D19,HEAL,HEAL_018,S2017AK068018,3/21/2017,18N03001,Oe,6/21/2018,S2017AK068018-2,bulk,7,31,19,1.123,0,,12.6,1.2,3.5,0.2,70,13,17.5,25,20.1,2.6,,432.8,,,1.01,,,,,,,,,,,,,,,,,,,374.2,17.3,22,374,0.5,0.24,2.44,514,808.7,0.02,0.97,0.3,2.7,0.1,0.1,114.4,,2.2,,,,USDA NRCS Kellogg Soil Survey Laboratory,
127a479d-5ec5-403a-bf0a-ea56be797152,HEAL_018.basePlot.all,D19,HEAL,HEAL_018,S2017AK068018,3/21/2017,18N03000,Oi,6/21/2018,S2017AK068018-1,bulk,0,7,3.5,1.151,0,,20.2,6.8,8.9,0.4,80.7,,36.3,45,,,,,,,2.28,,,,,,,,,,,,,,,,,,,504.3,14.7,34,504,0,0.03,0.12,1660.8,427.2,0,0.09,0,0.2,0.2,0.1,110.3,,260.6,,,,USDA NRCS Kellogg Soil Survey Laboratory,
8a24c3f5-a785-47da-a1b8-f5ef782dfa4a,HEAL_022.basePlot.all,D19,HEAL,HEAL_022,S2017AK068022,3/21/2017,18N03008,Bg,6/22/2018,S2017AK068022-2,bulk,22,54,38,1.022,,,5.6,0.1,3.6,0.1,11.1,3,9.4,85,9.7,0.3,,34.6,4.9,5.9,0.06,,,,,,,,,,,,,,,,,,,12.8,0.8,16,13,0,0.09,0.75,139.6,202.8,0.03,0.08,0.1,1.4,0,0.1,9,,2.4,,,,USDA NRCS Kellogg Soil Survey Laboratory,
26aa2a4b-6b86-4abe-bcc5-86092397e3e3,HEAL_022.basePlot.all,D19,HEAL,HEAL_022,S2017AK068022,3/21/2017,18N03009,Bjj/A,6/22/2018,S2017AK068022-3,bulk,54,90,72,1.028,,,9.8,0.2,5.7,0.1,15.8,,15.8,100,,0,,7.4,5.7,6.6,0.07,,,,,,,,,,,,,,,,,,,30,1.3,22,30,0,0.17,1.19,228.9,531.2,0.05,0.13,0.1,1.5,0,0.1,10.4,,10.2,,,,USDA NRCS Kellogg Soil Survey Laboratory,
b6199744-444e-43e1-87f1-5e8ab41cdbe6,HEAL_029.basePlot.all,D19,HEAL,HEAL_029,S2017AK068029,3/21/2017,18N03019,Oe,6/22/2018,S2017AK068029-2,bulk,7,14,10.5,1.102,0,,47,2.4,17.1,0.1,83.4,0,66.6,80,66.7,0.1,,88.5,6,6.7,4.28,,,,,,,,,,,,,,,,,,,255.2,15.2,17,255,1.1,0.17,0.86,852.7,519.4,0.02,0.46,0.2,1.1,0.1,0.1,60.8,,68.9,,,,USDA NRCS Kellogg Soil Survey Laboratory,
a0920092-673a-43d6-b529-e08b43eae7a4,HEAL_026.basePlot.all,D19,HEAL,HEAL_026,S2017AK068026,3/21/2017,18N03014,Cf,6/22/2018,S2017AK068026-5,bulk,60,80,70,1.032,,,3.1,0.1,0.9,0,21.7,49,4.1,19,8,3.9,,35.3,4.1,4.9,0.06,,,,,,,,,,,,,,,,,,,61.4,2.7,23,61,0,0.27,1.3,46.4,461,0.03,0.55,0.3,2.1,0,0.1,32.7,,1.8,,,,USDA NRCS Kellogg Soil Survey Laboratory,
9c265c2e-c247-4fa3-9175-158bb1d487a7,HEAL_029.basePlot.all,D19,HEAL,HEAL_029,S2017AK068029,3/21/2017,18N03021,C/A,6/22/2018,S2017AK068029-4,bulk,25,37,31,1.049,,,17.2,0.2,6,0.1,33.4,1,23.5,70,23.7,0.2,,109.4,4.9,5.3,0.28,,0,1.9,0.2,0,0.37,0,152.3,1,0.1,1.7,0.3,0,1,0,5.4,,0.3,94.4,5.3,18,94,0.1,0.22,1.59,1232.7,522.9,0.05,0.48,0.2,2.2,0.1,0.1,43.5,,1.9,,,,USDA NRCS Kellogg Soil Survey Laboratory,
ea3e14bb-f082-497e-b8f9-715158e1a8e4,HEAL_022.basePlot.all,D19,HEAL,HEAL_022,S2017AK068022,3/21/2017,18N03007,Oe,6/21/2018,S2017AK068022-1,bulk,0,22,11,1.106,0,,17.2,1.5,8.3,0.1,62.4,4,27.1,43,28.1,1,,439.6,4.1,4.7,1.15,,,,,,,,,,,,,,,,,,,362.8,11.1,33,363,0.3,0.19,1.02,627.4,479.4,0.02,0.35,0.2,1.2,0.1,0.1,76.9,,15.1,,,,USDA NRCS Kellogg Soil Survey Laboratory,
934fca5a-fc48-470a-b296-a2fe17550b24,HEAL_026.basePlot.all,D19,HEAL,HEAL_026,S2017AK068026,3/21/2017,18N03011,Oe,6/22/2018,S2017AK068026-2,bulk,15,26,20.5,1.136,0,,8.5,1,3.5,0.1,83.5,39,13.1,16,21.4,8.3,,40.6,,,1.02,,,,,,,,,,,,,,,,,,,387,15.5,25,387,0.6,0.35,2.35,79.8,618,0.02,1.12,0.4,2.7,0,0.1,135.4,,4.4,,,,USDA NRCS Kellogg Soil Survey Laboratory,
06dc8e75-54d4-4598-b84e-a84d04ab5f1e,HEAL_026.basePlot.all,D19,HEAL,HEAL_026,S2017AK068026,3/21/2017,18N03012,C/O1,6/22/2018,S2017AK068026-3,bulk,26,51,38.5,1.041,,,3.8,0.1,1.2,0,29,49,5.1,18,10,4.9,,8.6,4.1,4.7,0.1,,,,,,,,,,,,,,,,,,,92.6,4.8,19,93,0.1,0.27,1.3,18.6,335,0.03,0.54,0.2,1.6,0,0,51,,1.2,,,,USDA NRCS Kellogg Soil Survey Laboratory,
6a640953-963d-439f-881b-0c8198b784d6,HEAL_007.basePlot.all,D19,HEAL,HEAL_007,S2017AK068007,3/22/2017,18N02986,Oi,6/21/2018,S2017AK068007-1,bulk,0,7,3.5,1.153,0,,10,2.5,6.1,0.1,96.5,6,18.7,19,19.9,1.2,,248.8,,,1.95,,,,,,,,,,,,,,,,,,,466.6,17.2,27,467,0,0.07,0.2,200.2,470.9,0.01,0.15,0.1,0.3,0,0.1,133.5,,148,,,,USDA NRCS Kellogg Soil Survey Laboratory,
905c1f60-6df3-448e-84fa-2e9a19c08ce4,HEAL_007.basePlot.all,D19,HEAL,HEAL_007,S2017AK068007,3/22/2017,18N02987,Oa,6/21/2018,S2017AK068007-2,bulk,7,26,16.5,1.122,0,,2.9,0.5,1.6,0.2,66.1,57,5.2,8,12.2,7,,3.8,3.2,3.9,0.57,,,,,,,,,,,,,,,,,,,433.7,19.5,22,434,0.7,0.21,0.65,3.4,654,0,0.34,0.2,0.8,0,0.1,113.3,,8.3,,,,USDA NRCS Kellogg Soil Survey Laboratory,
422e46f4-50a7-468e-a481-7c0cb713726b,HEAL_012.basePlot.all,D19,HEAL,HEAL_012,S2017AK068012,3/22/2017,18N02990,Oi,6/21/2018,S2017AK068012-1,bulk,0,7,3.5,1.16,0,,6.8,1.6,4.3,0,86.8,21,12.7,15,16,3.3,,183.7,,,1.33,,,,,,,,,,,,,,,,,,,490.7,11.5,43,491,0,0.1,0.53,149.2,352.1,0,0.27,0.1,0.7,0,0.1,132,,37.2,,,,USDA NRCS Kellogg Soil Survey Laboratory,
a677907c-48cd-47b8-8162-f2d689fe6735,HEAL_007.basePlot.all,D19,HEAL,HEAL_007,S2017AK068007,3/22/2017,18N02988,Oe,6/21/2018,S2017AK068007-3,bulk,26,34,30,1.129,0,,2.6,0.5,1.5,0.1,63.9,61,4.7,7,12.1,7.4,,3.1,3.3,4,0.54,,0,0.4,0.1,0,0.17,0.1,629.2,0,0.3,0.4,0.2,0,0,0,4,,0.2,449.5,20.5,22,450,0.6,0.22,0.64,2.3,670.3,0,0.3,0.3,0.8,0,0.1,105.5,,6.8,,,The saturated paste water content value is abnormally high (i.e. > 500%) for this sample due to a high organic matter content. Organic matter has a low particle density compared to mineral matter and the SP water % is determined on a weight basis.,USDA NRCS Kellogg Soil Survey Laboratory,
c041190f-0122-4f65-bf9f-0a0e65710873,HEAL_017.basePlot.all,D19,HEAL,HEAL_017,S2017AK068017,3/22/2017,18N02998,Cg,6/21/2018,S2017AK068017-2,bulk,6,30,18,1.014,,,2.3,0.1,0.9,0,8.9,46,3.3,37,6.1,2.8,,68.8,4.3,4.9,0.08,,,,,,,,,,,,,,,,,,,25.6,1.6,16,26,0,0.07,0.4,52.6,274.1,0.01,0.12,0.1,0.6,0,0.1,11.8,,5.4,,,,USDA NRCS Kellogg Soil Survey Laboratory,
c8785f18-14e0-4dbe-8d4c-b5538b9d827f,HEAL_012.basePlot.all,D19,HEAL,HEAL_012,S2017AK068012,3/22/2017,18N02994,C/Ajjfg,6/21/2018,S2017AK068012-5,bulk,100,120,110,1.038,,,4.6,0.2,2.4,0.1,24.6,10,7.3,30,8.1,0.8,,7.1,4.7,5.4,0.24,,,,,,,,,,,,,,,,,,,170.6,5.6,30,171,0.2,0.17,0.78,11.3,545.4,0.01,0.41,0.2,1,0,0,37.7,,8.4,,,,USDA NRCS Kellogg Soil Survey Laboratory,
714afbe3-cb87-4256-abe8-9f071a5fb744,HEAL_007.basePlot.all,D19,HEAL,HEAL_007,S2017AK068007,3/22/2017,18N02989,Cjjf,6/21/2018,S2017AK068007-4,bulk,34,60,47,1.033,,,2.3,0.1,1.5,0,20.4,55,3.9,19,8.6,4.7,,0.6,4.1,4.8,0.09,,,,,,,,,,,,,,,,,,,108.4,4,27,108,0,0.22,0.71,3.1,551.2,0,0.41,0.2,0.4,0,0,29.3,,1.3,,,,USDA NRCS Kellogg Soil Survey Laboratory,
389fd4c4-6c67-4270-8e1c-d80006414689,HEAL_012.basePlot.all,D19,HEAL,HEAL_012,S2017AK068012,3/22/2017,18N02993,C/Ajjg,6/21/2018,S2017AK068012-4,bulk,46,100,73,1.041,,,2.1,0.2,1.3,0.1,25,54,3.7,15,8,4.3,,10.1,4.1,4.7,0.28,,0,0.4,0.1,0,0.11,0.1,507.4,0.4,0.1,0.4,0.3,0,0,0,4.8,,0.1,186.3,6.7,28,186,0,0.24,0.47,10.5,289,0.01,0.44,0.3,0.6,0,0,47,,5.8,,,The saturated paste water content value is abnormally high (i.e. > 500%) for this sample due to a high organic matter content. Organic matter has a low particle density compared to mineral matter and the SP water % is determined on a weight basis.,USDA NRCS Kellogg Soil Survey Laboratory,
c44bc990-3339-48bc-96ce-4290fd5f3bdd,HEAL_017.basePlot.all,D19,HEAL,HEAL_017,S2017AK068017,3/22/2017,18N02999,2Cg,6/21/2018,S2017AK068017-3,bulk,30,80,55,1.023,,,3.5,0.1,1,0,17,32,4.6,27,6.8,2.2,,51.7,4.2,4.8,0.11,,,,,,,,,,,,,,,,,,,46.1,3,16,46,0,0.12,0.58,63.4,328.2,0.02,0.22,0.1,0.8,0,0.1,20.9,,2.9,,,,USDA NRCS Kellogg Soil Survey Laboratory,
1cdbab16-a17f-485d-ba5f-3f69b92c2f76,HEAL_012.basePlot.all,D19,HEAL,HEAL_012,S2017AK068012,3/22/2017,18N02991,Oa,6/21/2018,S2017AK068012-2,bulk,7,33,20,1.155,0,,0.3,0.3,0.5,0,65.5,91,1.1,2,11.8,10.7,,4.7,3.5,4.1,0.73,,0,0.6,0.2,0,0.22,0,766.8,0,0.3,0.6,0.3,0,0,0,4.1,,0.2,449.8,18.4,25,450,0.6,0.33,2.71,3.4,607.8,0.01,1.64,0.5,3.3,0,0.1,149.8,,0.8,,,The saturated paste water content value is abnormally high (i.e. > 500%) for this sample due to a high organic matter content. Organic matter has a low particle density compared to mineral matter and the SP water % is determined on a weight basis.,USDA NRCS Kellogg Soil Survey Laboratory,
a53a6072-f44e-4584-8295-d792d7ec54fe,HEAL_020.basePlot.all,D19,HEAL,HEAL_020,S2017AK068020,3/22/2017,18N03006,Bwb,6/21/2018,S2017AK068020-5,bulk,51,80,65.5,1.031,,,2.9,0.1,1.1,0,16.6,31,4.1,25,5.9,1.8,,10.4,4.5,5.3,0.06,,,,,,,,,,,,,,,,,,,37.6,2.1,18,38,0,0.28,2.85,149.3,403.2,0.06,0.36,0.2,3.8,0,0.1,26.5,,0.6,,,,USDA NRCS Kellogg Soil Survey Laboratory,
09cc3f7a-2940-4ca8-be85-4059f2241dc8,HEAL_017.basePlot.all,D19,HEAL,HEAL_017,S2017AK068017,3/22/2017,18N02997,Oe,6/21/2018,S2017AK068017-1,bulk,0,6,3,1.157,,,65.3,2.6,21.1,0.1,103.5,,89.1,86,,0,,422.5,5.3,5.7,1.53,,,,,,,,,,,,,,,,,,,361.8,17.9,20,362,0.7,0.1,6.95,7130.7,1180.3,0.21,1.05,0.1,8.4,0.8,0.3,81,,2.4,,,,USDA NRCS Kellogg Soil Survey Laboratory,
df7a9785-77b4-4961-b11e-a139f6fc8245,HEAL_020.basePlot.all,D19,HEAL,HEAL_020,S2017AK068020,3/22/2017,18N03004,C/A,6/21/2018,S2017AK068020-3,bulk,17,26,21.5,1.065,,,12.5,0.2,5.2,0.2,43.7,6,18.1,41,19.2,1.1,,63.8,4.5,5.2,0.45,,0,1.5,0.1,0,0.32,0.6,201.4,0.4,0.1,1.3,0.5,0,0.7,0,5,,0.4,147.2,9.4,16,147,0.3,0.27,1.13,183.7,856.7,0.03,0.47,0.2,1.2,0,0.1,47.1,,3.8,,,,USDA NRCS Kellogg Soil Survey Laboratory,
7bdb449c-ad33-4179-90bd-2d8cb5356295,HEAL_020.basePlot.all,D19,HEAL,HEAL_020,S2017AK068020,3/22/2017,18N03003,C1,6/21/2018,S2017AK068020-2,bulk,5,17,11,1.019,,,3.3,0.1,1.7,0,13.1,19,5.1,39,6.3,1.2,,34.7,4.5,5.4,0.08,,,,,,,,,,,,,,,,,,,33.3,1.7,19,33,0,0.12,0.6,111.8,207.3,0.02,0.15,0.1,0.9,0,0,15.2,,4.7,,,,USDA NRCS Kellogg Soil Survey Laboratory,
3d152cda-dc6f-422d-bfb1-6a01e40ac176,HEAL_020.basePlot.all,D19,HEAL,HEAL_020,S2017AK068020,3/22/2017,18N03005,C2,6/21/2018,S2017AK068020-4,bulk,26,51,38.5,1.028,,,3.4,0.1,1.4,0.1,18.1,31,5,28,7.2,2.2,,24.5,4.5,5.4,0.1,,,,,,,,,,,,,,,,,,,55.4,2.8,20,55,0,0.22,1.21,90.8,304.3,0.03,0.25,0.2,1.4,0,0,24.3,,1.3,,,,USDA NRCS Kellogg Soil Survey Laboratory,
ebeac905-482e-4917-ae0e-bf302c54b9e4,HEAL_012.basePlot.all,D19,HEAL,HEAL_012,S2017AK068012,3/22/2017,18N02992,Cg,6/21/2018,S2017AK068012-3,bulk,33,46,39.5,1.025,,,1.6,0.1,1,0,18.8,64,2.7,14,7.5,4.8,,1.5,4,4.9,0.07,,,,,,,,,,,,,,,,,,,96.6,3.4,29,97,0,0.21,0.2,1,196.7,0.01,0.25,0.2,0.2,0,0,33.4,,2.9,,,,USDA NRCS Kellogg Soil Survey Laboratory,
a3c02487-2036-450b-98c6-8c81c0f0d884,HEAL_002.basePlot.all,D19,HEAL,HEAL_002,S2017AK068002,3/23/2017,18N02979,Oi,6/21/2018,S2017AK068002-1,bulk,0,7,3.5,1.111,0,,17.8,2.3,9.4,0.1,63,1,29.6,47,30,0.4,,538.4,,,0.87,,,,,,,,,,,,,,,,,,,285.8,12.3,23,286,0,0,1.33,551.7,522.1,0.05,0.36,0.1,1.5,0.1,0.2,82.5,,20.5,,,,USDA NRCS Kellogg Soil Survey Laboratory,
2009bdfe-5d5f-42aa-8857-59431803ccc7,HEAL_006.basePlot.all,D19,HEAL,HEAL_006,S2017AK068006,3/23/2017,18N02984,Cg,6/21/2018,S2017AK068006-3,bulk,30,46,38,1.026,,,1.5,0.1,1.1,0,18,67,2.7,15,8.1,5.4,,0.6,4,4.8,0.08,,,,,,,,,,,,,,,,,,,64.1,2.6,25,64,0,0.19,0.27,0,146.7,0.01,0.28,0.2,0.3,0,0,40.7,,1.5,,,,USDA NRCS Kellogg Soil Survey Laboratory,
19785e0f-a8d2-449c-9802-14fd54658885,HEAL_006.basePlot.all,D19,HEAL,HEAL_006,S2017AK068006,3/23/2017,18N02983,Oa,6/21/2018,S2017AK068006-2,bulk,10,30,20,1.124,0,,1.3,0.3,1.1,0.1,64.4,75,2.8,4,11,8.2,,8.1,3.4,4.1,0.51,,,,,,,,,,,,,,,,,,,397.9,17.2,23,398,0.3,0.23,1.38,6.7,591.9,0,0.91,0.3,1.5,0,0.1,109.6,,1.8,,,,USDA NRCS Kellogg Soil Survey Laboratory,
b5cb35db-0f10-4328-ba9b-f0ab6289f4e5,HEAL_027.basePlot.all,D19,HEAL,HEAL_027,S2017AK068027,3/23/2017,18N03017,C,6/22/2018,S2017AK068027-3,bulk,19,60,39.5,1.024,,,7.6,0.1,3.8,0,14,,11.5,82,,0,,27.2,5.3,6.1,0.1,,,,,,,,,,,,,,,,,,,23.1,1.7,13,23,0,0.12,1.07,225.1,212.8,0.03,0.15,0.1,1.5,0,0,11.3,,1.5,,,,USDA NRCS Kellogg Soil Survey Laboratory,
c8de0963-2671-4141-b486-e28d266a1d64,HEAL_006.basePlot.all,D19,HEAL,HEAL_006,S2017AK068006,3/23/2017,18N02982,Oe,6/21/2018,S2017AK068006-1,bulk,0,10,5,1.136,0,,7,1.6,3.9,0,80.2,25,12.5,16,16.7,4.2,,140,,,1.2,,,,,,,,,,,,,,,,,,,457.7,16.4,28,458,0,0.12,0.66,129.1,442.1,0,0.4,0.1,0.9,0,0.1,122.5,,16.7,,,,USDA NRCS Kellogg Soil Survey Laboratory,
a9c7ef28-8846-4102-8f0f-4957851b2823,HEAL_016.basePlot.all,D19,HEAL,HEAL_016,S2017AK068016,3/23/2017,18N02996,Cfg,6/21/2018,S2017AK068016-2,bulk,51,80,65.5,1.02,,,3.8,0.1,2.2,0.1,12,17,6.2,52,7.5,1.3,,33.9,4.2,4.9,0.06,,,,,,,,,,,,,,,,,,,13.7,0.7,19,14,0,0.07,0.51,31.7,318.6,0.02,0.08,0.1,0.9,0,0.1,10.7,,4.1,,,,USDA NRCS Kellogg Soil Survey Laboratory,
e2c3c9ea-e1de-4fc5-9291-a40394a59a59,HEAL_016.basePlot.all,D19,HEAL,HEAL_016,S2017AK068016,3/23/2017,18N02995,Oe,6/21/2018,S2017AK068016-1,bulk,0,51,25.5,1.163,0,,45,0.8,14,0.1,77.7,,59.9,77,,,,,,,1.42,,,,,,,,,,,,,,,,,,,411.4,19.2,21,411,2.3,0.25,1.79,571.7,1038.8,0.04,1.26,0.3,2.1,0.1,0.1,60.5,,12,,,,USDA NRCS Kellogg Soil Survey Laboratory,
4f41390a-8c4f-4944-8a5b-ff4e2a521a9b,HEAL_002.basePlot.all,D19,HEAL,HEAL_002,S2017AK068002,3/23/2017,18N02981,C2,6/21/2018,S2017AK068002-3,bulk,14,60,37,1.021,,,3.7,0.1,2,0.1,12.6,24,5.9,47,7.8,1.9,,13.1,4.1,5.1,0.06,,,,,,,,,,,,,,,,,,,21.9,0.9,24,22,0,0.08,0.5,12.2,328.6,0.02,0.08,0,0.7,0,0.1,13.6,,7.9,,,,USDA NRCS Kellogg Soil Survey Laboratory,
a5a8443b-3a38-405c-86f9-6020ba92c53b,HEAL_002.basePlot.all,D19,HEAL,HEAL_002,S2017AK068002,3/23/2017,18N02980,C1,6/21/2018,S2017AK068002-2,bulk,7,14,10.5,1.023,,,4.6,0.1,2.5,0,14.3,13,7.2,50,8.3,1.1,,24.4,4.2,5,0.1,,,,,,,,,,,,,,,,,,,25,1.2,20,25,0,0.09,1.73,33.8,442.9,0.04,0.17,0.1,2.1,0,0.1,15.5,,1.4,,,,USDA NRCS Kellogg Soil Survey Laboratory,
c69e4767-99b8-4791-9394-e3bfbc22de75,HEAL_027.basePlot.all,D19,HEAL,HEAL_027,S2017AK068027,3/23/2017,18N03015,Oe,6/22/2018,S2017AK068027-1,bulk,0,12,6,1.15,0,,78.7,1.8,24.6,0,120,0,105.1,88,105.2,0.1,,86.6,5,5,6.49,,,,,,,,,,,,,,,,,,,322.6,18.1,18,323,1.3,0.18,0.9,1211.6,673.9,0.03,0.42,0.2,1.2,0.2,0.1,69.7,,80.4,,,,USDA NRCS Kellogg Soil Survey Laboratory,
23774a62-d367-4a58-ac98-df79f3356d07,HEAL_027.basePlot.all,D19,HEAL,HEAL_027,S2017AK068027,3/23/2017,18N03016,A,6/22/2018,S2017AK068027-2,bulk,12,19,15.5,1.072,0,,29.7,0.4,10.8,0.1,48.2,,41,85,,0,,69.1,5.1,5.1,2.33,,,,,,,,,,,,,,,,,,,126.2,9.4,13,126,0.6,0.16,1.16,1012,608.3,0.05,0.41,0.1,1.6,0.1,0.1,39,,7.4,,,,USDA NRCS Kellogg Soil Survey Laboratory,
7b2b9bd8-28e9-47c0-bc05-b5335ed06108,HEAL_006.basePlot.all,D19,HEAL,HEAL_006,S2017AK068006,3/23/2017,18N02985,Cfg,6/21/2018,S2017AK068006-4,bulk,46,90,68,1.027,,,3.2,0.1,1.6,0,18.5,37,4.9,26,7.8,2.9,,1,4.1,4.9,0.09,,,,,,,,,,,,,,,,,,,80.4,3.2,25,80,0,0.14,0.53,0,240.3,0.01,0.29,0.1,0.6,0,0,33,,1.1,,,,USDA NRCS Kellogg Soil Survey Laboratory,
